restaurant_id,source_url,checked_at,note
store-1,배민 앱 / 계란듬뿍덮밥 시흥정왕점 / 화면 캡처,2026-08-11,
store-2,배민 앱 / 밥퍼맨 짜글이&덮밥 시흥점 / 화면 캡처,2026-08-11,
store-3,배민 앱 / 88제육 시흥정왕점 / 화면 캡처,2026-08-11,
store-4,배민 앱 / 오늘은 오므라이스 시흥점 / 화면 캡처,2026-08-11,
store-5,배민 앱 / 한솥도시락 배곧점 / 화면 캡처,2026-08-11,
store-6,배민 앱 / 도원반점 배곧직영점 / 화면 캡처,2026-08-11,
store-7,배민 앱 / 대경반점 / 화면 캡처,2026-08-11,
store-8,배민 앱 / 어바웃차이나 배곧점 / 화면 캡처,2026-08-11,
store-9,배민 앱 / 와이앤웍Y&WOK 배곧직영점 / 화면 캡처,2026-08-11,
store-10,배민 앱 / 포청천 / 화면 캡처,2026-08-11,
store-11,배민 앱 / 감동까스 시흥배곧점 / 화면 캡처,2026-08-11,
store-12,배민 앱 / 코란라멘 정왕점 / 화면 캡처,2026-08-11,
store-13,배민 앱 / 와다라멘 배곧점 / 화면 캡처,2026-08-11,
store-14,배민 앱 / 후라토식당 배곧점 / 화면 캡처,2026-08-11,
store-15,배민 앱 / 상무초밥 배곧점 / 화면 캡처,2026-08-11,
store-16,배민 앱 / 면부심 파스타 시흥배곧점 / 화면 캡처,2026-08-11,
store-17,배민 앱 / 샐러디 배곧점 / 화면 캡처,2026-08-11,
store-18,배민 앱 / 더블타코 배곧점 / 화면 캡처,2026-08-11,
store-19,배민 앱 / BHC치킨 정왕역점 / 화면 캡처,2026-08-11,
store-20,배민 앱 / 교촌치킨 정왕3호점 / 화면 캡처,2026-08-11,
store-21,배민 앱 / BBQ치킨 시흥행복점 / 화면 캡처,2026-08-11,
store-22,배민 앱 / 청년피자 배곧신도시점 / 화면 캡처,2026-08-11,
store-23,배민 앱 / 큭큭피자 시흥정왕점 / 화면 캡처,2026-08-11,
store-24,배민 앱 / 번쩍피자 시흥점 / 화면 캡처,2026-08-11,
store-25,배민 앱 / 족발상식 정왕점 / 화면 캡처,2026-08-11,
store-26,배민 앱 / 호랑이족발 / 화면 캡처,2026-08-11,
store-27,배민 앱 / 원할머니보쌈족발 시흥배곧점 / 화면 캡처,2026-08-11,
store-28,배민 앱 / 돈통마늘보쌈 배곧신도시점 / 화면 캡처,2026-08-11,
store-29,배민 앱 / 오봉집 배곧점 / 화면 캡처,2026-08-11,
store-30,배민 앱 / 상상오리&삼겹 시흥정왕점 / 화면 캡처,2026-08-11,
store-31,배민 앱 / 더벤티 시흥배곧한라점 / 화면 캡처,2026-08-11,
store-32,배민 앱 / 빽다방 시흥배곧한라점 / 화면 캡처,2026-08-11,
store-33,배민 앱 / 배스킨라빈스 시흥배곧한라점 / 화면 캡처,2026-08-11,
store-34,배민 앱 / 뚜레쥬르 배곧한라비발디점 / 화면 캡처,2026-08-11,
store-35,배민 앱 / 파리바게뜨 배곧한라1호점 / 화면 캡처,2026-08-11,
store-36,배민 앱 / 컴포즈커피 한라비발디점 / 화면 캡처,2026-08-11,
store-37,배민 앱 / 동동꽈배기 한라비발디점 / 화면 캡처,2026-08-11,
store-38,배민 앱 / 이디야커피 시흥한라비발디점 / 화면 캡처,2026-08-11,
store-39,배민 앱 / 오늘도빙수 배곧신도시점 / 화면 캡처,2026-08-11,
store-40,배민 앱 / 미스터카스테라 시흥점 / 화면 캡처,2026-08-11,
store-41,배민 앱 / 카페인중독 배곧점 / 화면 캡처,2026-08-11,
store-42,배민 앱 / 요아정 정왕점 / 화면 캡처,2026-08-11,
store-43,배민 앱 / 요거트 아이스크림의정석 배곧점 / 화면 캡처,2026-08-11,
store-44,배민 앱 / 플러스82 시흥정왕점 / 화면 캡처,2026-08-11,
store-45,배민 앱 / 공차 시흥배곧점 / 화면 캡처,2026-08-11,
store-46,배민 앱 / 우지커피 배곧신도시점 / 화면 캡처,2026-08-11,
store-47,배민 앱 / Poke all day 포케&샐러드 배곧신도시점 / 화면 캡처,2026-08-11,
store-48,배민 앱 / 이삭토스트 시흥배곧점 / 화면 캡처,2026-08-11,
store-49,배민 앱 / 맘스터치 정왕점 / 화면 캡처,2026-08-11,
store-50,배민 앱 / 버거킹 배곧아브뉴프랑점 / 화면 캡처,2026-08-11,
store-51,배민 앱 / 육회바른연어 정왕점 / 화면 캡처,2026-08-11,
store-52,배민 앱 / 경양카츠 / 화면 캡처,2026-08-11,
store-53,배민 앱 / 스시토우토이 / 화면 캡처,2026-08-11,
store-54,배민 앱 / 고기명가 시흥본점 / 화면 캡처,2026-08-11,
store-55,배민 앱 / 육식사관학교 시흥정왕점 / 화면 캡처,2026-08-11,
store-56,배민 앱 / 유가네 닭갈비 정왕점 / 화면 캡처,2026-08-11,
store-57,배민 앱 / 진심제육 시흥점 / 화면 캡처,2026-08-11,
store-58,배민 앱 / 연제네쌀국수 배곧점 / 화면 캡처,2026-08-11,
store-59,배민 앱 / 미분당 배곧신도시점 / 화면 캡처,2026-08-11,
store-60,배민 앱 / 麻辣 东北菜馆 마라동북식당 / 화면 캡처,2026-08-11,
store-61,배민 앱 / 천향오 마라탕 배곧점 / 화면 캡처,2026-08-11,
store-62,배민 앱 / 메가혼밥 정왕점 / 화면 캡처,2026-08-11,
store-63,배민 앱 / 본도시락 시흥정왕점 / 화면 캡처,2026-08-11,
store-64,배민 앱 / 밥풀릭스 시흥정왕점 / 화면 캡처,2026-08-11,
store-65,배민 앱 / 담솥 / 화면 캡처,2026-08-11,
store-66,배민 앱 / 더드림한식 / 화면 캡처,2026-08-11,
store-67,배민 앱 / 제육의민족 본점 / 화면 캡처,2026-08-11,
store-68,배민 앱 / 다판다 덮밥 / 화면 캡처,2026-08-11,
store-69,배민 앱 / 오므라이스 팝니다 정왕점 / 화면 캡처,2026-08-11,
store-70,배민 앱 / 쉐프비빔밥&덮밥 / 화면 캡처,2026-08-11,
store-71,배민 앱 / 유명한덮밥집 시흥정왕점 / 화면 캡처,2026-08-11,
store-72,배민 앱 / 정정아식당 시흥정왕점 / 화면 캡처,2026-08-11,
store-73,배민 앱 / 짬뽕관 시흥정왕점 / 화면 캡처,2026-08-11,
store-74,배민 앱 / 찐하오마라탕&마라샹궈 정왕점 / 화면 캡처,2026-08-11,
store-75,배민 앱 / 마라탕전문점 샹츠마라 배곧점 / 화면 캡처,2026-08-11,
store-76,배민 앱 / 춘리마라탕 배곧점 / 화면 캡처,2026-08-11,
store-77,배민 앱 / 행복가성비 컵밥&우동 시흥정왕점 / 화면 캡처,2026-08-11,
store-78,배민 앱 / 동대문엽기떡볶이 시흥정왕점 / 화면 캡처,2026-08-11,
store-79,배민 앱 / 청년다방 배곧점 / 화면 캡처,2026-08-11,
store-80,배민 앱 / 오토김밥 배곧점 / 화면 캡처,2026-08-11,
store-81,배민 앱 / 이꼬마김밥 배곧본점 / 화면 캡처,2026-08-11,
store-82,배민 앱 / 스텔라떡볶이 경기시흥배곧점 / 화면 캡처,2026-08-11,
store-83,배민 앱 / 밥시그널 시흥점 / 화면 캡처,2026-08-11,
store-84,배민 앱 / 묵미연김치찜 정왕점 / 화면 캡처,2026-08-11,
store-85,배민 앱 / 신의주찹쌀순대 배곧점 / 화면 캡처,2026-08-11,
store-86,배민 앱 / 한그릇 감자탕 시흥정왕점 / 화면 캡처,2026-08-11,
store-87,배민 앱 / 선비촌 한방순대국&감자탕 / 화면 캡처,2026-08-11,
store-88,배민 앱 / 브런치빈 배곧점 / 화면 캡처,2026-08-11,
store-89,배민 앱 / 슬로우 보울 배곧점 / 화면 캡처,2026-08-11,
store-90,배민 앱 / 포시즌파스타 정왕점 / 화면 캡처,2026-08-11,
store-91,배민 앱 / 니뽕내뽕 시흥정왕점 / 화면 캡처,2026-08-11,
store-92,배민 앱 / 읍천리382 시흥정왕점 / 화면 캡처,2026-08-11,
store-93,배민 앱 / 봉명동내커피 배곧신도시점 / 화면 캡처,2026-08-11,
store-94,배민 앱 / 누니스커피 / 화면 캡처,2026-08-11,
store-95,배민 앱 / 텐퍼센트커피 배곧신도시점 / 화면 캡처,2026-08-11,
store-96,배민 앱 / 달롱도르 요거트 아이스크림 정왕점 / 화면 캡처,2026-08-11,
store-97,배민 앱 / 메가커피 배곧유호앤시티점 / 화면 캡처,2026-08-11,
store-98,배민 앱 / 케크케크 베이커리 시흥배곧점 / 화면 캡처,2026-08-11,
store-99,배민 앱 / 던킨 배곧아브뉴프랑점 / 화면 캡처,2026-08-11,
store-100,배민 앱 / 백억커피 시흥정왕점 / 화면 캡처,2026-08-11,
store-101,배민 앱 / 카페 구십도씨 / 화면 캡처,2026-08-11,
store-102,배민 앱 / 꽁뜨 샌드위치 / 화면 캡처,2026-08-11,
store-103,배민 앱 / 메가엠지씨커피 배곧한라비발디점 / 화면 캡처,2026-08-11,
store-104,배민 앱 / 1리터 보틀 니즈커피 / 화면 캡처,2026-08-11,
store-105,배민 앱 / 해블랑디저트&해빙수 / 화면 캡처,2026-08-11,
store-106,배민 앱 / 배정동카페 / 화면 캡처,2026-08-11,
store-107,배민 앱 / 여정포레스트 카페 / 화면 캡처,2026-08-11,
store-108,배민 앱 / 살찌는케이크 / 화면 캡처,2026-08-11,
store-109,배민 앱 / 발도스커피 건영테크노밸리점 / 화면 캡처,2026-08-11,
store-110,배민 앱 / 해브투(haveto) / 화면 캡처,2026-08-11,
store-111,배민 앱 / 이삭토스트 시흥시화점 / 화면 캡처,2026-08-11,
store-112,배민 앱 / 샐러리아 샌드위치&샐러드&포케 배곧점 / 화면 캡처,2026-08-11,
