업소명,카테고리,메뉴명,가격,설명,대표메뉴,이미지URL
메가MGC커피 배곧한라비발디점,신메뉴,복숭아 퐁당 요거트 스무디,4900,"복숭아 과육을 듬뿍 담아 과일 본연의 달콤함을 살리고, 상큼한 요거트를 넣어 누구나 맛있게 즐기는 복숭아 퐁당 요거트 스무디",,http://imagefarm.baemin.com/smartmenuimage/upload/image/2026/7/9/wOLrPIGIUViY0oVuHVjOxra9kIm8DcCaGz82gBKfOyAXLidtC8rSUMQxaXFqvM_TPQQs03Sg38w4aPyP6bUmKV8gxj3cikpvUKEc30DSXsI=.jpg
메가MGC커피 배곧한라비발디점,신메뉴,멋쟁이 토마토 스무디,4700,춘천 찰토마토를 더한 상큼한 토마토 스무디에 오독오독한 펄슈가를 듬뿍 얹어 씹는 재미와 기분 좋은 단맛이 어우러진 멋쟁이 토마토 스무디,,http://imagefarm.baemin.com/smartmenuimage/upload/image/2026/7/9/7bbEmMCF7RCKGXx9jU0Bv9PkpD_rwzFQ-vHLK4O5reZkf8cDG2H8E-RUgm6kT4Ix3TkcIhYSjgRraihgrelQ7Ry0v-AQ_s82zdm3L81AhhU=.jpg
메가MGC커피 배곧한라비발디점,신메뉴,포도녹차 젤리 크러쉬,4900,새콤달콤한 포도와 향긋한 그린티에 알로에 워터젤리를 듬뿍 더해 마지막 한 모금까지 시원하고 산뜻하게 즐기는 포도녹차 젤리 크러쉬,,http://imagefarm.baemin.com/smartmenuimage/upload/image/2026/7/9/J_yKboEFlmk3ijPT3ESNrRTcIhmNDlaCFoXtJagzr0YHR9DuVvjGYlQKK39MRQJGEH4alb0yHuTKKYl7E1s--Kq9SBreKRQMRIkoCSuWsFc=.jpg
메가MGC커피 배곧한라비발디점,신메뉴,초당옥수수 프라페,4700,여름 제철 초당옥수수 특유의 기분 좋은 단맛과 톡톡 씹히는 초당옥수수 콘을 함께 담아 고소하고 풍성하게 즐기는 초당옥수수 프라페 초당옥수수 원물 함유로 빠른 취식 권장 드립니다.,,http://imagefarm.baemin.com/smartmenuimage/upload/image/2026/7/9/lhyD3nwKv7kKeTdoQjUYfREIIf2kO_c0sUb0_LWSORb4HHPsMJZcmfjlLYIgmVf12QP33NhWbG_2OCnwVeq_V2C3CJlnuob2UHnqLCSyqSY=.jpg
메가MGC커피 배곧한라비발디점,신메뉴,와앙 핫 치즈스틱 & 딥,5500,바삭하고 베어 물면 치즈가 쭈욱 매콤바삭한 치즈스틱과 입맛 당기는 특제 MGC 소스의 조합으로 계속 손이 가는 와앙 핫 치즈스틱 & 딥,,http://imagefarm.baemin.com/smartmenuimage/upload/image/2026/7/9/1Q-VJ9CwUwOfGTbBDJBvbemr21AG-DcUgfsmByHZ1RunzCeylF9esFBGMbUkE8-7FiH9QUl9yc0upWm7PTSwdDwwm_X4b9N_mVmMACziXF0=.jpg
메가MGC커피 배곧한라비발디점,신메뉴,꿀수박주스,5000,"100% 수박 착즙원액에 달콤한 꿀을 더해 본연의 진한 풍미를 살리고, 잘 익은 수박을 함께 갈아 리얼한 수박맛을 즐길 수 있는 메가MGC커피 여름시즌 대표메뉴 수박주스",,http://imagefarm.baemin.com/smartmenuimage/upload/image/2026/4/30/sN44BdAFOMflh_rydiNgtDzE7n3jAWXxLzTthAuw2s-gm1b7chYpdLwsNtd-EAk8QhRQaep1MFNc6dPOYurcanHi0UxQplhnzLf2eQV0HYQ=.jpg
메가MGC커피 배곧한라비발디점,신메뉴,자몽 톡톡 스무디,5000,"톡톡 터지는 자몽 과육을 듬뿍 담아, 자몽 한 알을 그대로 베어 문 듯 상큼함이 입안 가득 퍼지는 자몽 스무디",,http://imagefarm.baemin.com/smartmenuimage/upload/image/2026/4/30/gWODglcV4VimDwEkF1t5W7yPYU5l_sStyPGZwyot1ywvzpHzbpDygjNJDEocB2JDEHpkoxJ4bqnVgxKcAO2mvAdOQXIbQP56omQQpEcN2BU=.jpg
메가MGC커피 배곧한라비발디점,신메뉴,제로 레몬말차 아이스티,3200,"말차와 레몬의 상큼한 조화에 식이섬유 '알파CD'를 더해 부담 없이 산뜻하고 가볍게 즐기는 제로 칼로리, 제로 슈가 아이스티",,http://imagefarm.baemin.com/smartmenuimage/upload/image/2026/4/30/MfuEq1oiBIm6HCDs6k8VUbyIvkITkQxd2GzFFI3bKCy7_6Ap0BozLDE_WpthBkQxzYCDmGMABwSPMOcl0Ptp2u81_t1-r7z8s9C8XjdJTPY=.jpg
메가MGC커피 배곧한라비발디점,신메뉴,팥빙 젤라또 파르페,5800,"다시 만나는 여름, 컵빙이 돌아왔다 쫀득한 팥 젤라또와 팥, 떡, 바삭한 믹스씨리얼이 조화를 이루는, 우유빙수의 풍미를 한컵에 담은 여름 시즌 한정 파르페.",,http://imagefarm.baemin.com/smartmenuimage/upload/image/2026/4/30/9zl7fSKluy44oaaNxQQ3dA2sPB-vQJss3DL29vOBEkYHb0BYPbnIqgYNFoqkkg6MRMIBPPamWtVhD0qsXKmi6RQYc8AmOhZd3VtKMDWv1t8=.jpg
메가MGC커피 배곧한라비발디점,신메뉴,말차 젤라또 팥빙 파르페,5800,"이번엔 말차다 달콤쌉싸름하고 깊은 말차 젤라또에 팥, 떡, 바삭한 믹스씨리얼이 어우러진, 말차 우유빙수의 풍미를 한 컵에 담은 여름 시즌 한정 파르페",,http://imagefarm.baemin.com/smartmenuimage/upload/image/2026/4/30/EMWfs2ty4TMDQGILt-SBxEPzsZD3XAzSSk7K0ootbnOn6hYptQO5ZLJqWZUkuv5DgHOUP5RAaAbM2yERVrJPkgqNE--kUaKLd-ZKDSbpKIg=.jpg
메가MGC커피 배곧한라비발디점,신메뉴,저당 꿀배 XO야쿠르트,4700,"저당으로 부담은 덜고, 새콤달콤한 맛은 더 풍부하게 꿀처럼 달콤한 배의 시원하고 깨끗한 단맛에 설탕 당류 지방 3 ZERO 야쿠르트 XO 2병이 들어간 리프레쉬 한 잔",,http://imagefarm.baemin.com/smartmenuimage/upload/image/2026/4/2/UfqULIz5CSzdcQ8Uku-09j84bEEmMDmJjk5L3Lrzv27G3CgYrM1arDk_9571lomFlnNss4JMojeiOqrKnbErPHR8Xb6K920JvHmbbh_4tDs=.jpg
메가MGC커피 배곧한라비발디점,신메뉴,딸기라떼,4700,딸기과육이 풍부히 느껴지는 스테디 셀러 산뜻하고 달콤한 딸기가 가득해 부드러운 우유와 어우러져 더욱 기분 좋게 즐기는 아이스 라떼,,http://imagefarm.baemin.com/smartmenuimage/upload/image/2026/1/15/TmY5mZVZON7WVEsk9N0lqrwBWWDbTE1-BZjPCBrRvJfWdjC1mOdhAZYiGM_vSTl3jvKsyD5Nb2X5h6ZB6XGzz2PeR_8KmsLSRFNqRlW1_OI=.jpg
메가MGC커피 배곧한라비발디점,신메뉴,밀크쉐이크,3700,우유 그대로의 부드러움에 달콤함을 더해 꾸덕하고 진~한 풍미를 느낄 수 있는 겨울시즌 한정 밀크쉐이크,,http://imagefarm.baemin.com/smartmenuimage/upload/image/2025/12/12/MO9koNRMx_TX3KqwqHb0KANrhFzgRy2ovEETfueRBhaCWTVKLQpFON26dfX9lWezmUhpgeRR7QWvqSw6phzG6M2YPHwMrfCeVJoqqtniE_w=.jpg
메가MGC커피 배곧한라비발디점,신메뉴,딥치즈 불고기 베이크,4900,바삭한 치즈가 올려진 빵 속 달콤 짭쪼롬한 불고기에 부드러운 체다치즈가 더해져 한 입 베어물면 입안 가득 풍미가 퍼지는 겨울시즌 한정 디저트,,http://imagefarm.baemin.com/smartmenuimage/upload/image/2025/12/12/S3H6QFo3trnpVbwKvVBmDyYBq1l-Ed95_Qv5lNkhT6hHs0tJ7p3fPHaRTVldxT-KM_wrzyzLttIzKtG1s04GCc4mekb2dyzN7icHrBS3rvA=.jpg
메가MGC커피 배곧한라비발디점,신메뉴,요거젤라또 씨리얼 초코베리믹스,4900,"초코쉘을 입힌 기존 요거트 젤라또에, 팥빙에서 즐기던 바삭한 믹스씨리얼을 베리믹스와 함께 듬뿍 더한 시원바삭 요거볼
(요거젤라또+믹스씨리얼+초코쉘+트리플믹스베리 조합)",,http://imagefarm.baemin.com/smartmenuimage/upload/image/2025/9/15/VrCUJP71JRxQ1Rg_GLcV3qhmfflpB5oV0gArqVZy6dqf7BsmCMDU53zleiewPQSfcYigwZbXPG6F47Rc4s0KOCrby2dSJPT7rwX0n8KUxRA=.jpg
메가MGC커피 배곧한라비발디점,신메뉴,요거젤라또 초코베리믹스,4900,"초코쉘을 입힌 요거트 젤라또에 세가지 달콤상큼 베리와 초코링, 고소한 그래놀라를 더한, 시원달달 요거볼",,http://imagefarm.baemin.com/smartmenuimage/upload/image/2025/9/4/K5FzvWyP6MJu9KG7YbE6TAKzSwzdzBg63Rzq-ljTa6OO0VTrG5dRsePLwwWniQ6gqL3GUdaDdTaz1foV4fcR3XvsQ0OXr9FTK1JZDler790=.jpg
메가MGC커피 배곧한라비발디점,신메뉴,초코젤라또 말차라떼,5400,"진하고 꾸덕한 초코 젤라또를 제주산 고품질 말차, 쌉싸름한 블렌딩 커피와 함께 즐기는 말차 에스프레소 라떼",,http://imagefarm.baemin.com/smartmenuimage/upload/image/2025/8/7/qiEVUbFIVUoXXSGeBUxhxtoPMqPc5kx5Hv3cD-t5-fV9ZgMKMPcsC5QLdi0AVhLvA5K18cMBE4fczld8S-W6Vofz7jN0xNikisSH7O-Ej2w=.jpg
메가MGC커피 배곧한라비발디점,신메뉴,멕시칸 미트칠리 핫도그,4600,"부드러운 빵에 뽀드득 통통한 소시지, 매콤한 미트칠리 소스를 더하고 체다치즈, 사워크림과 함께 즐기는 멕시코식 핫도그",,http://imagefarm.baemin.com/smartmenuimage/upload/image/2025/7/3/qAiEDeYt4z0S1lnsZTkWKHixfXDzaTNkG9THzQdw5Qf_wIDjGKPFvTw8yBgNPhFVpZbXhryhk0jeRU4oncnQgwcNNl8zmbSamTW6PM5WgTU=.jpg
메가MGC커피 배곧한라비발디점,신메뉴,메가베리 아사이볼,4900,상큼달콤 아사이볼 속에 세가지의 달콤한 베리와 건강한 그래놀라가 더해져 시원 달달하게 즐길 수 있는 딸기시즌 한정 디저트,,http://imagefarm.baemin.com/smartmenuimage/upload/image/2025/1/16/PJy30htqfncqffaMWCEZc2rnwYkv61zqxPIvQ5rJiv0XR_Uej052_rK_lAUzZ8gFxhNUZX5Vq29ZBB5NOjfT7Nt_EXM4793SwAuk7O2ivgo=.jpg
메가MGC커피 배곧한라비발디점,신메뉴,왕메가초코,5400,부드러운 우유에 진한 초코소스가 어우러져 달콤하게 입맛을 깨우는 왕 메가 사이즈 초코음료,,http://imagefarm.baemin.com/smartmenuimage/upload/image/2024/3/28/UR3DLCEnclOWLj7P7q8sR9VmnUmQBXO813tWgu1RLXGRbbb4GNIHA-Xm3pCa387AAQ4UvIJki2wT6OnbbQLwRPeXW_ZCFkuhNuHTza9G4Sk=.jpg
메가MGC커피 배곧한라비발디점,신메뉴,왕메가아이스티,4900,깊은 맛의 홍차와 달콤한 복숭아의 은은한 향이 어우러진 왕 메가 사이즈 아이스티,,http://imagefarm.baemin.com/smartmenuimage/upload/image/2024/3/28/wQVKLb6nRuZUZIcnehXmr3h79UKjEgmZlH7eNnfH3kZYxT4FDo-rZLNu7FLgPyjyHVWMe71aPExm6EPM5qIrktDHEts8nTsH0BQrSgPXeio=.jpg
메가MGC커피 배곧한라비발디점,신메뉴,제로 복숭아 아이스티,3900,"깊게 우려진 홍차와 은은한 복숭아향의 아이스티를 제로슈가, 제로칼로리로 즐길 수 있는 음료",,http://imagefarm.baemin.com/smartmenuimage/upload/image/2024/3/28/3L4imwx63FapHcrM0HJ-wZ3uWYUqagAs57VMEEiRCezkxRbXHKnpYMppT2-yOFosTxaP-nGFtjrdOjei2pfoJlVH6PjdS-usiv_cPW-ysVQ=.jpg
메가MGC커피 배곧한라비발디점,신메뉴,왕메가카페라떼,5300,진한 에스프레소와 부드러운 우유가 어우러져 고소한 풍미를 완성한 메가MGC커피만의 왕메가사이즈 라떼,,http://imagefarm.baemin.com/smartmenuimage/upload/image/2025/3/20/xpq-RqCbDy6y_fjSYwhZLoBD_QTQ6u871Seg-RmvS4bUVHDIv4Nkly8nyi8st5Sdyv9JezG4CkhyjVdqpDRf1UmXOHBjWZaFB_odWZw1_8A=.jpg
메가MGC커피 배곧한라비발디점,신메뉴,왕메가사과유자차,5400,애플티의 향긋함과 유자청의 상큼달콤함을 느낄 수 있는 메가MGC커피만의 왕메가사이즈 과일티,,http://imagefarm.baemin.com/smartmenuimage/upload/image/2025/3/20/3yn-iP85JT8B7hDnFzlrE6ZdWmepCOeMJiYhcFy6qOBUV6Jh2tTKBo8weSh5uFSjRKxldLMgqlFY9uZuBbSa8Eq7b2sH28JGa96AXyPSF4I=.jpg
메가MGC커피 배곧한라비발디점,신메뉴,치즈 품은 감자빵,4900,풍미 깊은 치즈와 포슬포슬한 감자를 가득 담아 낸 쌀가루로 만든 건강한 빵,,http://imagefarm.baemin.com/smartmenuimage/upload/image/2025/3/20/0LFRz1gbes6afsi8je0Y8gtgKvokKV-5d3nCQQ1IvNzPe227C_G_v-FhZm5bLmbV2OiNI5E6tewroaepUJfqQi47Tagp9R_VVQanmDEq7hQ=.jpg
메가MGC커피 배곧한라비발디점,신메뉴,와앙메리칸 뽀득 핫도그,4600,부드러운 빵 속에 뽀득뽀득 통통한 훈연향 소시지를 넣은 와앙 큰 아메리칸식 핫도그,,http://imagefarm.baemin.com/smartmenuimage/upload/image/2025/1/9/8nD17STX5RNSNQYHydaN9zciRSvcKfjB6FLEY2N9Gukp_yHeP_af2ME1Ujgm_wr9SRP1hPLXOslmE9BPwY8gm0g5DbHaCtjI1Fjm2GflC_I=.jpg
메가MGC커피 배곧한라비발디점,신메뉴,(ICE)할메가미숫커피,4100,곡물의 향이 고소한 미숫가루와 달달한 믹스커피의 황금비율 조합,,http://imagefarm.baemin.com/smartmenuimage/upload/image/2024/9/5/ZkZErzoj_-k8_NELBNeZ_fq27vndsl-Z6KUE6jvNB6O96LaGdm3Byab522LJbFblsnnw1qI5wZfK_k-hb9a4_bGyjnjGAO_ZevVUbETOFss=.jpg
메가MGC커피 배곧한라비발디점,커피,(ICE)할메가커피,3000,우리 할머니께서 즐겨드시던 달달한 믹스 커피 스타일로 만든 메가MGC커피만의 시원한 커피 음료,,http://imagefarm.baemin.com/smartmenuimage/upload/image/2023/9/7/XTYxU8D5ru8xERuv8Q_nGwtQqY6pckvlnIgsFKM_qcYzWIoFmYm7N_4_3iXMGjyCUxHnjPiH_SZoCRYw1RLD5CTw9nHeUiNM4p2lLm4Hzhg=.jpg
메가MGC커피 배곧한라비발디점,커피,(ICE)왕할메가커피,4300,우리 할머니께서 즐겨드시던 달달한 믹스 커피 스타일로 만든 메가MGC커피만의 메가사이즈 커피 음료,,http://imagefarm.baemin.com/smartmenuimage/upload/image/2023/9/7/pHbAGjPdZo7wmyoVWIPa0JK-X1Er71UHCEDm9n9B3x7z8nhNIuVh2GywxFVfdBGtqHaPeLZRWwNpyRGqtzmOO4Sig1s54SoQD8ywiW8RL4w=.jpg
메가MGC커피 배곧한라비발디점,커피,(ICE)메가리카노,4000,대용량 1L 아이스 아메리카노~,O,http://imagefarm.baemin.com/smartmenuimage/upload/image/2024/3/28/8CsObuLkuMrDWOrREdkcpwWmYWlfI17xflcueqovqDu5twGh02ahesy0CRuqQucN69lZtZJY8f3PK7Z2uvqwSntmQabGRJTm4ArIOZgPQ2w=.jpg
메가MGC커피 배곧한라비발디점,커피,(HOT)아메리카노,2200,"(기본 2샷) 메가MGC커피 블렌드 원두로 추출한 에스프레소에 물을 더해, 풍부한 바디감을 느낄 수 있는 스탠다드 커피",,http://imagefarm.baemin.com/smartmenuimage/upload/image/2024/6/14/dSD5PDtxR3lyFWJixlb7rtCHsj3nRwRdqWCfxak4UeBo9GVO-jcAVJlEhJSQm6Tbt0ee4h2ehKit2OzgNRW8Ewu-rg-UP6YC-NrOxLdUThA=.jpg
메가MGC커피 배곧한라비발디점,커피,(ICE)아메리카노,2500,"(기본 2샷) 메가MGC커피 블렌드 원두로 추출한 에스프레소에 물을 더해, 풍부한 바디감을 느낄 수 있는 스탠다드 커피",O,http://imagefarm.baemin.com/smartmenuimage/upload/image/2024/3/28/YCTJRzZzLM3VeSgEAlQ7tuV1LyTaKOPLh4wLzRd-ZcC9nkv9nASXJa5yQB-IAKa4DRwGWjXtk_kvwXu_8qLUHieWowmfXWcQz1r7kUVl28o=.jpg
메가MGC커피 배곧한라비발디점,커피,(HOT) 헛개리카노,3400,국내산 헛개수와 메가MGC커피만의 아메리카노를 더해 고소한 맛이 조화로운 블렌딩 커피,,http://imagefarm.baemin.com/smartmenuimage/upload/image/2025/3/20/yHKiitGVKZDmDw_-aJrjoMR4SgrCUos1k8iSSXk3foMHpbuBxJ9_GW3rVjXpFIpZVsYBGtxv5Ki17HvmTwYdqCSOgwUndes4aqiewPv9tmE=.jpg
메가MGC커피 배곧한라비발디점,커피,(ICE) 헛개리카노,3400,국내산 헛개수와 메가MGC커피만의 아메리카노를 더해 고소한 맛이 조화로운 블렌딩 커피,,http://imagefarm.baemin.com/smartmenuimage/upload/image/2025/3/20/ImQ5tPNk0JcxDRPqJwVNFmsefUOUEpN4aG1cuwCPDsRD5NpUHjmoMFczbKPtn-2TpiBygoga-qiIJnGz78G7JHjA5EgAkHX9acfkFZ-cWsI=.jpg
메가MGC커피 배곧한라비발디점,커피,(ICE)왕메가 헛개리카노,4400,국내산 헛개수와 아메리카노를 블렌딩해 고소한 맛이 더욱 커진 왕메가사이즈 커피,,http://imagefarm.baemin.com/smartmenuimage/upload/image/2025/3/20/qNdW5Ud-ZBVlPxXx64zgX7_yWvY-E9vElWviGuvTeDM3jq362kh0JeQ7xURqnvIMYmLYlJf2CDk9nLrJGTHhKZ2Gk0e7JJczsORnG6ONxoU=.jpg
메가MGC커피 배곧한라비발디점,커피,(HOT)헤이즐넛아메리카노,3700,아메리카노에 헤이즐넛의 강렬한 향과 달콤함을 담아 향긋하고 부드럽게 즐기는 커피,,http://imagefarm.baemin.com/smartmenuimage/upload/image/2024/6/14/7V0TAZIKA1267ZNhJ3t-0K_Svegy-u-52wOqkHXXrV2H2hDmaa9MWdjjp_1GhPnAXj18mFDSEughXNFVUbGfWwRbLBTGDEnmeqSa0NIMlgY=.jpg
메가MGC커피 배곧한라비발디점,커피,(ICE)헤이즐넛아메리카노,3700,아메리카노에 헤이즐넛의 강렬한 향과 달콤함을 담아 향긋하고 부드럽게 즐기는 커피,,http://imagefarm.baemin.com/smartmenuimage/upload/image/2024/3/28/cKMztbK7XLq3ioWnlAZfusbQM8ns3lNOswhrFvWF8cWavxKHiqpyecdqTWQZeQxWGwk6ouTFBxUQxbN-z1p_mmKXDGxe3SIEcfzxPzQAw-w=.jpg
메가MGC커피 배곧한라비발디점,커피,(HOT)바닐라아메리카노,3700,바닐라의 향과 달콤함을 아메리카노에 부드럽게 어우른 커피,,http://imagefarm.baemin.com/smartmenuimage/upload/image/2024/6/14/2TDbjsz85evdHbyKWrCnuPXSJiM1NTO5KlciwQINPKSk_ES9zC_HCUJXI727eQS0hxRi_PwBeFU9omti6jL8nrS13YdBbd19wMWA2SM0h74=.jpg
메가MGC커피 배곧한라비발디점,커피,(ICE)바닐라아메리카노,3700,바닐라의 향과 달콤함을 아메리카노에 부드럽게 어우른 커피,,http://imagefarm.baemin.com/smartmenuimage/upload/image/2024/3/28/Dyyg4M-TuivICWG0DzT1ddRM09n5YcVJ2akSZ6euV73MqNAsuaXN3ZH-bdZoiUW_o4mHBw8PzCeRTfcsyGD6iyUDGc5D0S6sGKF7LhbLOSQ=.jpg
메가MGC커피 배곧한라비발디점,커피,(HOT)꿀아메리카노,3700,아메리카노의 묵직한 바디감에 달콤한 사양벌꿀이 소프트하게 어우러진 커피,,http://imagefarm.baemin.com/smartmenuimage/upload/image/2024/6/14/E_GI92IP8MDF0elc9TmEzBRGL_vtqWqvSkDy5JkoyyFio9bCJHsVCc_HUhU70aVpW4uhJe739fNUoG9cDTHXvILR1vXqffvibQ8PI8L6L5k=.jpg
메가MGC커피 배곧한라비발디점,커피,(ICE)꿀아메리카노,3700,아메리카노의 묵직한 바디감에 달콤한 사양벌꿀이 소프트하게 어우러진 커피,,http://imagefarm.baemin.com/smartmenuimage/upload/image/2024/3/28/ZmB0jjto-EMFila3QBgFbfkvrWYtDsAfoWhgXSjDWojj6mwWAyozF37O1nH6NGCFmg2UaH0eXzz_fbSQlzNC39VbfMefxnduP7B390G2Ixs=.jpg
메가MGC커피 배곧한라비발디점,커피,(HOT)카페라떼,3900,진한 에스프레소와 부드러운 우유가 어우러져 고소한 풍미를 완성한 라떼,,http://imagefarm.baemin.com/smartmenuimage/upload/image/2024/6/14/e6nWNm2hOvNX9cRnTGmvoZ6IzAZXg4aT6xMgmwEMj_FH-_YH5QM9BQo3yqlxp0Q-zUYjqDEYn4hJnAJnO-YJalXA6583v8ByAdw9PdxMZg0=.jpg
메가MGC커피 배곧한라비발디점,커피,(ICE)카페라떼,3900,진한 에스프레소와 부드러운 우유가 어우러져 고소한 풍미를 완성한 라떼,,http://imagefarm.baemin.com/smartmenuimage/upload/image/2024/5/9/FCC2nEv-cy9xNWmbf8NL6SANmU7AR2ktB4k9WymJ1QqPZLwU_H5GK2Tw44izYI-QSR3nsERjpF9NOd1b2QtQPfhsYsJ9oFDGtrnDEXA96_I=.jpg
메가MGC커피 배곧한라비발디점,커피,(HOT)헤이즐넛라떼,4400,부드러운 카페라떼에 헤이즐넛의 강렬한 향과 달콤함을 담아 향긋함을 더한 라떼,,http://imagefarm.baemin.com/smartmenuimage/upload/image/2024/6/14/rgFIKA76rYbztL5hz_ET9M8uaeuiC2N_Jq7lXs0DwCU0i2eaoZU5k0PdJfs0yx72vIvFGIvffvq1GQvocJOQsPKk0gHr_M7AFCKihRhxSTE=.jpg
메가MGC커피 배곧한라비발디점,커피,(ICE)헤이즐넛라떼,4400,부드러운 카페라떼에 헤이즐넛의 강렬한 향과 달콤함을 담아 향긋함을 더한 라떼,,http://imagefarm.baemin.com/smartmenuimage/upload/image/2024/5/9/jMRcX9xf_commN4yBBz-BtxLq7VZFYmRoFryZ_tRPKfRbOdBnBjP6xZr4Lxui5oEYMd3fou6LciSlzRJ1YnHcORBCLwNr3JXjO9D2r_Gqy0=.jpg
메가MGC커피 배곧한라비발디점,커피,(HOT)바닐라라떼,4400,바닐라의 짙은 향과 풍부한 폼 밀크의 조화가 인상적인 달콤한 라떼,,http://imagefarm.baemin.com/smartmenuimage/upload/image/2024/6/14/FK_ItzAlwFMUqZr9oyC_XN_DmRgsUlxTyYvRgD4_psmJvYhV1HpfKjhLMeeBowZnA-2IJiykoGFw6v23zVGZvl0nxDLHaofDqoZL8gTtBIc=.jpg
메가MGC커피 배곧한라비발디점,커피,(ICE)바닐라라떼,4400,바닐라의 짙은 향과 풍부한 폼 밀크의 조화가 인상적인 달콤한 라떼,,http://imagefarm.baemin.com/smartmenuimage/upload/image/2024/5/9/uEqU4V9G546DSKlY-BefMiyymtAt7A0MmhcMGTP3WwTYD1iw7sOp_CNnC6KK6pQsGm0LyHiFf6GL07hiNfnLpSSCuMJtZyB5iLjf0V25fw4=.jpg
메가MGC커피 배곧한라비발디점,커피,(HOT)카라멜마끼아또,4700,폼 밀크 속에 진한 에스프레소와 달콤한 카라멜을 가미해 부드럽게 즐기는 커피,,http://imagefarm.baemin.com/smartmenuimage/upload/image/2024/6/14/Lbh3H-R9tIREruhkEin5YPhKG9X5ZEU4Tw8ayHWkfecFwHXe5xtuTzG31MHFLtS1YAkTFGq1Cr2YSeKwvAyeL5es7XF4SA9WZC7-_b0we50=.jpg
메가MGC커피 배곧한라비발디점,커피,(ICE)카라멜마끼아또,4700,폼 밀크 속에 진한 에스프레소와 달콤한 카라멜을 가미해 부드럽게 즐기는 커피,,http://imagefarm.baemin.com/smartmenuimage/upload/image/2024/6/4/ZP_gZJTGqfnSMl9HwVW0o6RZR3nByKXXdFMvsU2fWI8yWxSeQF8K2iDOgaXfp9jKwgbEuzDpd1CsB7ZSpk0EXcL999TEuA-TgfP01DAjoXU=.jpg
메가MGC커피 배곧한라비발디점,커피,(HOT)카페모카,4900,"초코를 만나 풍부해진 에스프레소와 고소한 우유, 부드러운 휘핑크림까지 더해 달콤하게 즐기는 커피",,http://imagefarm.baemin.com/smartmenuimage/upload/image/2024/6/14/3drWhW1zSAyeHZwYGsWEJlVl2ba9nkENPyi5Zzn14z_cPTdVTPOf6X9idZkO32MSMZPuUyvSpk9MHye1TcoRlAz6kczY6wKcnS_1ieyVHGY=.jpg
메가MGC커피 배곧한라비발디점,커피,(ICE)카페모카,4900,"초코를 만나 풍부해진 에스프레소와 고소한 우유, 부드러운 휘핑크림까지 더해 달콤하게 즐기는 커피",,http://imagefarm.baemin.com/smartmenuimage/upload/image/2024/9/27/tuLjHc0hz2y94RCd31DnwRK4tjvwczOcHrM-G7VXpxe9ykC8ENqkJpgtVWCeqe_t.jpg
메가MGC커피 배곧한라비발디점,커피,(ICE)큐브라떼,5200,"연유를 섞은 라떼에 에스프레소를 얼린 커피큐브를 올려, 녹을수록 더 진한 커피가 느껴지는 라떼",O,http://imagefarm.baemin.com/smartmenuimage/upload/image/2024/6/4/oIzdaYhQ8HggpGVFaholmFQuAh_6kPOsakrXsoSirkEc423pVbiqZWxuThW5gw4omdwHfUmu9SwL8RkB580Rpf8WrvpuJ_wT8h7EYLLVcco=.jpg
메가MGC커피 배곧한라비발디점,커피,(ICE)라이트 바닐라 아몬드라떼,4900,비건 음료 아몬드브리즈와 칼로리를 낮춘 라이트 바닐라 시럽이 만나가볍지만 부드~러워진 여름시즌 한정 라떼,,http://imagefarm.baemin.com/smartmenuimage/upload/image/2024/7/4/MNYEW4vRV-DFkOiJgotutu_Mblgste4-rZdKoTXAl8dbrch67y8KYiKComMUFI4ARyu8qovykIrxhRezfpGyDbb49KWjUmeKdBQyyMB_uzk=.jpg
메가MGC커피 배곧한라비발디점,커피,(ICE)연유라떼,4900,"향기로운 에스프레소 샷, 부드러운 우유 그리고 달콤한 연유가 조화롭게 어우러진 라떼",,http://imagefarm.baemin.com/smartmenuimage/upload/image/2024/6/4/f8TY5r1HI9eWKCivIyv9vqPFdeyK7tE11TwJ3gNQeCBAUXuWkYGl8KuSvGSZ27vnb6UbRygdz0n7pbmvQ2ScpkHq0zDQ5IS53tAEUgGt-lo=.jpg
메가MGC커피 배곧한라비발디점,커피,(HOT)연유라떼,4900,"향기로운 에스프레소 샷, 부드러운 우유 그리고 달콤한 연유가 상냥하게 어우러진 라떼",,http://imagefarm.baemin.com/smartmenuimage/upload/image/2024/6/14/T0fcCOFTu8MpFhtF7lhXy2vxWWLdE6P2v6uw0iPSX99Czgp5cIJFx0LBoNoJQFkHgqWCv24WNGMhsIvGqfV1OHEFobQNbsaRBW31REsEYxc=.jpg
메가MGC커피 배곧한라비발디점,디카페인,(ICE)디카페인 메가리카노,5500,메가MGC커피 디카페인 아메리카노를 '960ml' 더 크고 가볍게 즐길 수 있는 대용량 커피,,http://imagefarm.baemin.com/smartmenuimage/upload/image/2024/3/28/x7nUb0kciADVxM_achO01I65GqnNNZ4pGjqLhNpKjT4h9K-xhdR8ngUDyMrN64znetnV9GSWSlfrTa3yUnnBAblyvtmVjom19s1-se3jTAI=.jpg
메가MGC커피 배곧한라비발디점,디카페인,(HOT)디카페인 아메리카노,3500,"향과 풍미 그대로 카페인만을 낮춰 민감한 분들도 안심하고 
매일매일 즐길 수 있는 디카페인 커피",,http://imagefarm.baemin.com/smartmenuimage/upload/image/2024/6/14/skVc7BWchEyb2Ca5Dn40iuEta-_8W6qkJ7LnoJPNVULktE3wPVaHmaQWuNiW6m99n3dQ69qDz1t1S258f5OGhn_a21mDE9PNPqf4qI95JB0=.jpg
메가MGC커피 배곧한라비발디점,디카페인,(ICE)디카페인 아메리카노,4000,"향과 풍미 그대로 카페인만을 낮춰 민감한 분들도 안심하고 
매일매일 즐길 수 있는 디카페인 커피",,http://imagefarm.baemin.com/smartmenuimage/upload/image/2024/3/28/1fNtPohtW9nOlB5FBEDYUDRi4VQq4tYID6XyaFPctUwQbTDlyno6XGd84zXVgooCgxPivwYyvsdLQMpwV0NiF_nABZ3dri3ou_XkS2k8M9Y=.jpg
메가MGC커피 배곧한라비발디점,디카페인,(HOT)디카페인 헛개리카노,4400,국내산 헛개수와 메가MGC커피만의 디카페인 아메리카노를 더해 고소한 맛이 조화로운 블렌딩 커피,,http://imagefarm.baemin.com/smartmenuimage/upload/image/2025/3/20/5GxlWbLUyuE7woSQDlofHujRBmBcrrzqK9t-Un1T5pmfsUPgHA2pi5I0Y-oJWZSOJLvvm6RDXueN_kRzPdlHdVMImLA5q7dkRWNOmAElLhw=.jpg
메가MGC커피 배곧한라비발디점,디카페인,(ICE)디카페인 헛개리카노,4400,국내산 헛개수와 메가MGC커피만의 디카페인 아메리카노를 더해 고소한 맛이 조화로운 블렌딩 커피,,http://imagefarm.baemin.com/smartmenuimage/upload/image/2025/3/20/2fcU8MkE2bijqf2d8X1sIR2hlqEHWaspib5PhMT1_Y9jx7jKiIzKgLLaBnwCoN3xJPGNWiFK7VDuQytLYBGsWk3NUAdKA_pF3zbcN3kPOIs=.jpg
메가MGC커피 배곧한라비발디점,디카페인,(ICE)디카페인 왕메가헛개리카노,5900,국내산 헛개수와 디카페인 아메리카노를 블렌딩해 고소한 맛이 더욱 커진 왕메가사이즈 커피,,http://imagefarm.baemin.com/smartmenuimage/upload/image/2025/3/20/YXNAzS4U-xa9RmTwtU2OnWzFGnrwYXpyobQjkI3EVV0EuZiTmkkv5vuithkRT81yOmVxcMZ4PUVQCmfteuqfPKErn8poSNObSmqpWPw7Xto=.jpg
메가MGC커피 배곧한라비발디점,디카페인,(ICE)디카페인 왕메가카페라떼,6900,디카페인 에스프레소와 부드러운 우유가 어우러져 고소한 풍미를 완성한 메가MGC커피만의 왕메가사이즈 라떼,,http://imagefarm.baemin.com/smartmenuimage/upload/image/2025/3/20/KuUe3gLNCjF6o_UCfqT3x_-LqDCv1aLvaGNYCIO3CBPN3CZsPU5FhkH0lsDkVY9z9q30tkyuV7MX3Mg5SeQnysV0EmohpGPVnbGYFpfRKsM=.jpg
메가MGC커피 배곧한라비발디점,디카페인,(ICE)디카페인 라이트바닐라아몬드라떼,5900,비건 음료 아몬드브리즈와 칼로리를 낮춘 라이트 바닐라 시럽이 만나 가볍지만 부드러워진 디카페인 식물성 라떼,,http://imagefarm.baemin.com/smartmenuimage/upload/image/2025/11/6/NsSstOq2-J945QP86fn8hZn7yb-HNr4VsFU9QpONQbXHOyzySzTlS4Yh38_bKX8mD6M97yWsLaJ3ePPxcCP9JK0mCWla-GD8qRI_Yh0nxG8=.jpg
메가MGC커피 배곧한라비발디점,디카페인,(HOT)디카페인 꿀아메리카노,4700,디카페인 아메리카노의 묵직한 바디감에 달콤한 사양벌꿀이 소프트하게 어우러진 커피,,http://imagefarm.baemin.com/smartmenuimage/upload/image/2024/6/14/ckhw4zNVGZ7KVqLgj-SoGm2FLb8kjh8a8UyamYbhoazvRQdYgHHSsBNF2qfEYJTCgssRBFqyJeARO_2LYVPoc_5LW83uyOSEDijWkNTJHH4=.jpg
메가MGC커피 배곧한라비발디점,디카페인,(ICE)디카페인 꿀아메리카노,4700,디카페인 아메리카노의 묵직한 바디감에 달콤한 사양벌꿀이 소프트하게 어우러진 커피,,http://imagefarm.baemin.com/smartmenuimage/upload/image/2024/3/28/Vrld1P_KUtkVvRIKlWeYojBJagmEv1Hv8JJzGoNjExJqWdQyY0Xl_N5BAOgAuKNgL9g34dOL6FGttcrg9SUw2y-5KPTMOqNfkJp03O1tgag=.jpg
메가MGC커피 배곧한라비발디점,디카페인,(HOT)디카페인 헤이즐넛아메리카노,4700,"디카페인 아메리카노에 헤이즐넛의 풍성한 향과 달콤함을 담아 
향긋하고 부드럽게 즐기는 커피",,http://imagefarm.baemin.com/smartmenuimage/upload/image/2024/6/14/mkVt_DBWr2NNiDWVD2-UnsrRykuVHieCG4LsSQbSxPae775K5boIDvSdHvqzbujUwc4nR-2GXVjvYr45Rxlz-5VSZd4cF8h3_Is7jrqG4Ww=.jpg
메가MGC커피 배곧한라비발디점,디카페인,(ICE)디카페인 헤이즐넛아메리카노,4700,"디카페인 아메리카노에 헤이즐넛의 풍성한 향과 달콤함을 담아 
향긋하고 부드럽게 즐기는 커피",,http://imagefarm.baemin.com/smartmenuimage/upload/image/2024/3/28/kodu_amIhA-DPPD0ARhxINv3sSkIl3ahnS7B1-XP-eavWRiDJG8QzlnusnvmgQfvUBi8O9QMZt61dmqrfHtaxuX8YlJPh8SAKHKV0CXJsoc=.jpg
메가MGC커피 배곧한라비발디점,디카페인,(HOT)디카페인 바닐라아메리카노,4700,디카페인 아메리카노에 바닐라의 부드러운 향과 달콤함을 조화롭게 담아낸 커피,,http://imagefarm.baemin.com/smartmenuimage/upload/image/2024/6/14/KOUNG1AwU4Bp5u274fI9yucuZArTSi14yaDJv9Eag5wURNEQu5Hl-uHbGluk90URHcGpQ4Zv8XM2ZdZGIxkDwjhPCTieUUjiwJHb-vYduYc=.jpg
메가MGC커피 배곧한라비발디점,디카페인,(ICE)디카페인 바닐라아메리카노,4700,디카페인 아메리카노에 바닐라의 부드러운 향과 달콤함을 조화롭게 담아낸 커피,,http://imagefarm.baemin.com/smartmenuimage/upload/image/2024/3/28/l_GDxsvo7ZLpGyTMLKgsslNn0ipMaIdBTLYI6_rZ3psN6uBB4w6c8ZPHi1od2f8NbXupJtjRCpDNRQoSfgTWH1dt6kApw29_Nnq6M5tNzh0=.jpg
메가MGC커피 배곧한라비발디점,디카페인,(HOT)디카페인 카페라떼,4900,디카페인 에스프레소와 부드러운 우유가 어우러져 고소한 풍미를 완성한 라떼,,http://imagefarm.baemin.com/smartmenuimage/upload/image/2024/6/14/7mDig55TZN1lcsoJ-RtyBp8h6fwX8x10l6mLBWNsSaF3zF9MbjSGFDAyYT3OOJ2g34YWZ8X1WVrEuBPC5mmFHhlX6bA1vsMTW68ceG2nJZI=.jpg
메가MGC커피 배곧한라비발디점,디카페인,(ICE)디카페인 카페라떼,4900,디카페인 에스프레소와 부드러운 우유가 어우러져 고소한 풍미를 완성한 라떼,,http://imagefarm.baemin.com/smartmenuimage/upload/image/2024/5/9/QntryCSa9sk__4ok4k_F3T16oUnJfmzCwrxdeydE6VOqte6trGa-J_ue6u1uKAS6qUrHhMzRXWSgwmMT8lz78q4qI9DhmJK1BazdMD0CdEI=.jpg
메가MGC커피 배곧한라비발디점,디카페인,(HOT)디카페인 바닐라라떼,5400,디카페인으로 즐기는 바닐라의 짙은 향과 풍부한 폼 밀크의 조화가 인상적인 달콤한 라떼,,http://imagefarm.baemin.com/smartmenuimage/upload/image/2024/6/14/H0IV-4CWmFlw_X8XBGBCR5wybYN7GK0sL3PkngYmd8XIvAIeWOwHpTIjqBHWhBupU7WxktxEUHMloUXB1jjsn2iVA3_vH2dOmLlCv1ZNNRw=.jpg
메가MGC커피 배곧한라비발디점,디카페인,(ICE)디카페인 바닐라라떼,5400,디카페인으로 즐기는 바닐라의 짙은 향과 풍부한 폼 밀크의 조화가 인상적인 달콤한 라떼,,http://imagefarm.baemin.com/smartmenuimage/upload/image/2024/5/9/wzK-IiDULmS6NiyITNJoJ7i_25IopEooO_h5TodWSoQhph-7wLbxx3IQARP8rYpbtj68Gmd6KcyVK4C02PROQDfYh0DPvy2XDKsVtbO12uI=.jpg
메가MGC커피 배곧한라비발디점,디카페인,(HOT)디카페인 헤이즐넛라떼,5400,"부드러운 카페라떼에 헤이즐넛의 풍부한 향과 달콤함을 담아 향긋하게 즐길 수 있는 
디카페인 라떼",,http://imagefarm.baemin.com/smartmenuimage/upload/image/2024/6/14/VHTcXWLo_t9G0SDMMt_T35FyoixHt0i1xUBpHHtO1jn1VdqHj4zI98jFY3rNde6Lz4hNIDI2QXMLq4ji5lc2xqjPlDGMDy8dOgPlC7z9lE4=.jpg
메가MGC커피 배곧한라비발디점,디카페인,(ICE)디카페인 헤이즐넛라떼,5400,"부드러운 카페라떼에 헤이즐넛의 풍부한 향과 달콤함을 담아 향긋하게 즐길 수 있는 
디카페인 라떼",,http://imagefarm.baemin.com/smartmenuimage/upload/image/2024/5/9/jdQ4VQ9Xn-5iJZyX33VisJB3iCrv9x0pEI1bmqTK870RR2ohU6p5Rx5CRQyYDRouNVSsaGqtXwHBFKgkwPUenMHH8UNgl67MXipvkQhaQSA=.jpg
메가MGC커피 배곧한라비발디점,디카페인,(HOT)디카페인 카라멜마끼아또,5700,폼 밀크 속에 진한 디카페인 에스프레소와 달콤한 카라멜을 가미해 부드럽게 즐기는 커피,,http://imagefarm.baemin.com/smartmenuimage/upload/image/2024/6/14/UxQLNgZsnHypXltzlOv6456wc0saPL5alF4IGVraqH25iR2XX7pepVNYQ0lBUVwVSaJZRC4MMhmIZAbzIClr8CGHWBS1T7ucYet2WtkFCgQ=.jpg
메가MGC커피 배곧한라비발디점,디카페인,(ICE)디카페인 카라멜마끼아또,5700,폼 밀크 속에 진한 디카페인 에스프레소와 달콤한 카라멜을 가미해 부드럽게 즐기는 커피,,http://imagefarm.baemin.com/smartmenuimage/upload/image/2023/1/19/ZDloHWlQmeNoVePMrRUWuLNtXLdsIpT_YM1daMq2vK3qDC-Z2aObAtFIrfKXz7Y2QdbfL5mgM4spJQ3P7lb2jK40jtE4QSkPmd8Vkfh3O34=.jpg
메가MGC커피 배곧한라비발디점,디카페인,(HOT)디카페인 카페모카,5900,"초코를 만나 풍부해진 디카페인 에스프레소와 고소한 우유, 
부드러운 휘핑크림까지 더해 달콤하게 즐기는 커피",,http://imagefarm.baemin.com/smartmenuimage/upload/image/2024/6/14/Ml6EzntvSbRQFFE_bj6OCj0UfNLtm8E9DQEgUfbhY_VPOkujs_txNHz5T7MWe7lhmdNuppQCc5K8wnWbuuh5DK4C1fnkK9CmtX4L4mNzuyA=.jpg
메가MGC커피 배곧한라비발디점,디카페인,(ICE)디카페인 카페모카,5900,"초코를 만나 풍부해진 디카페인 에스프레소와 고소한 우유, 
부드러운 휘핑크림까지 더해 달콤하게 즐기는 커피",,http://imagefarm.baemin.com/smartmenuimage/upload/image/2023/1/19/JA9HhCKEnY2DwfC4tba2Cmih2go7T6aWoPJLgPSgM5Mcg6mABbHhPInKaHoIx57AIcfXiB2VSM_HZ1CbrRRC3gm_X3ZH-VTDB87ewQQF-Ds=.jpg
메가MGC커피 배곧한라비발디점,디카페인,(ICE) 디카페인 연유라떼,5900,"디카페인 에스프레소 샷, 부드러운 우유 그리고 달콤한 연유가 조화롭게  어우러진 디카페인 라떼",,http://imagefarm.baemin.com/smartmenuimage/upload/image/2024/6/4/FVFUpwTG4iiT6isAdlbl3_RMM_Sf7T-f3hjAsvs9sauUZQXVBYtXMkSm_LSOn-QiLlnTPZlMZkJTclG9v2o4UhyQTkYu40-RmF2bG8E4Saw=.jpg
메가MGC커피 배곧한라비발디점,디카페인,(HOT)디카페인 연유라떼,5900,"디카페인 에스프레소 샷, 부드러운 우유 그리고 달콤한 연유가 조화롭게 어우러진 라떼",,http://imagefarm.baemin.com/smartmenuimage/upload/image/2024/6/14/i0PLW15wSa3tU2BAembTyPPwJoE53qxRRv7v7ZEvWU4rF2d3HeKaioXNeQ_GZm_n34WSgBygRsDrrr65vujOp5bLwzd-sgxOoCr2lgaLITM=.jpg
메가MGC커피 배곧한라비발디점,콜드브루,(HOT)콜드브루오리지널,4500,차가운 물에 장시간 우려내 깔끔한 목넘김을 느낄 수 있는 콜드브루,,http://imagefarm.baemin.com/smartmenuimage/upload/image/2024/6/14/KM0IQkTvYPk8UgQfkDC4PkVepH46mfU5-SvQ53TcAQlRtWBcq_oLHMhifSzvGgtqrvj61yej0-MzlEoC_E_7qFB9Vr1_hLuvE09BGN0jXP0=.jpg
메가MGC커피 배곧한라비발디점,콜드브루,(ICE)콜드브루오리지널,4500,차가운 물에 장시간 우려내 깔끔한 목넘김을 느낄 수 있는 콜드브루,,http://imagefarm.baemin.com/smartmenuimage/upload/image/2024/6/4/wBZMMZKr_-1d-niKysrpJKafXiKnikZcy7K9TugujVdD48H0Zu_izdy7_AJZ3zX0i6Em4ARnPcUgrjtHiePXurHzUYDh6A3yLb35_gX2qp8=.jpg
메가MGC커피 배곧한라비발디점,콜드브루,(HOT)콜드브루라떼,5000,"콜드브루에 고소한 우유를 섞어, 깔끔함과 부드러움을 잡은 콜드브루 라떼",,http://imagefarm.baemin.com/smartmenuimage/upload/image/2024/6/14/c4P5gfFHdeR6AS8mOvVeXNXIBpLEXqF_eiPhg-8qOUviI9V_OcECnouHen1Smf8bDAVENf9N63FYLYkXj1a-OBhc1XQaqCaiS56SWhFymAI=.jpg
메가MGC커피 배곧한라비발디점,콜드브루,(ICE)콜드브루라떼,5000,"콜드브루에 고소한 우유를 섞어, 깔끔함과 부드러움을 잡은 콜드브루 라떼",,http://imagefarm.baemin.com/smartmenuimage/upload/image/2024/9/27/Og6mGDoYAqw8RLQyF9uj21A8urCmzSVt6Z2TksfJ3TgJfmhiWU0MjsJUsejC5G1B.jpg
메가MGC커피 배곧한라비발디점,콜드브루,콜드브루상품용,22000,1L 콜드브루 원액입니다.,,http://imagefarm.baemin.com/smartmenuimage/upload/image/2024/8/27/FWHRpfVZhJAHGYPyXcUgA1OBlHGvHP6Cy7IBNQQMl-261FUrjfF42H6ZjNKeBvy4.jpg
메가MGC커피 배곧한라비발디점,콜드브루,(HOT)콜드브루디카페인,4500,"카페인을 줄였지만, 원두 본연의 향미를 풍부하게 살려 맛을 잡은 콜드브루 디카페인",,http://imagefarm.baemin.com/smartmenuimage/upload/image/2024/6/14/ZPGPcFHZcWodTdirR5LTP6bOvRRrGTsSE6Rc6YEKc2Nb-7lk3i8xmLVbURrj70N54G6iAgm7hObGMMI3A2T_uuBaPHATsfp6f77FzpD93QI=.jpg
메가MGC커피 배곧한라비발디점,콜드브루,(ICE)콜드브루디카페인,4500,"카페인을 줄였지만, 원두 본연의 향미를 풍부하게 살려 맛을 잡은 콜드브루 디카페인",,http://imagefarm.baemin.com/smartmenuimage/upload/image/2021/6/10/GOxgpn2ByDSUxg9suVMs8k9ajfm47K7hu678chtz7PhI424ONVC_KDsueF6vZVUN.jpg
메가MGC커피 배곧한라비발디점,콜드브루,(HOT)콜드브루디카페인라떼,5000,"고소한 우유를 섞어, 커피향에 부드러운 풍미를 가미한 콜드브루 디카페인 라떼",,http://imagefarm.baemin.com/smartmenuimage/upload/image/2024/6/14/Gj_Chm58Nd7GjIolW8kE0FVRdyq2PgtyFzqbloy9NWCcZfvBQeZPnqe1ZbDzwZz2BzdoTEa_dzztS3Adauw9RIcZI7uY--N58w_CCii79mo=.jpg
메가MGC커피 배곧한라비발디점,콜드브루,(ICE)콜드브루디카페인라떼,5000,"고소한 우유를 섞어, 커피향에 부드러운 풍미를 가미한 콜드브루 디카페인 라떼",,http://imagefarm.baemin.com/smartmenuimage/upload/image/2021/6/10/GOxgpn2ByDSUxg9suVMs8pTWPvW9Ovj10Bf-RPqRniUCgwPxMPhvsKlOvSae0-XF.jpg
메가MGC커피 배곧한라비발디점,콜드브루,콜드브루디카페인상품용,22000,1L 콜드브루디카페인 원액입니다.,,http://imagefarm.baemin.com/smartmenuimage/upload/image/2024/8/27/jDcumZh-WFJH6CmPBXX5VrINyx4D6qLckp0R5wdPT2ItzofId09Wkjjo6nBqbZNB.jpg
메가MGC커피 배곧한라비발디점,스무디&프라페,코코넛커피 스무디,5800,바삭하고 고소한 코코넛 칩을 올리고 쌉싸름한 커피와 달콤한 코코넛이 조화로운 스무디,,http://imagefarm.baemin.com/smartmenuimage/upload/image/2023/5/4/NTpYj9oh5Um6UHul3OWZzFprw4rYvtemcJziGdtRtPOsa6qWqB1w_63yns2wqEG-WY9yvMLcMU193Nqo7YbZrMFs-4qIcjZwRlktoz-GWUI=.jpg
메가MGC커피 배곧한라비발디점,스무디&프라페,초코허니퐁크러쉬,4900,리얼 벌꿀이 들어가 더 달콤한 허니퐁시리얼과 달콤한 초코가 만나 시원하게 즐기는 달달한 프라페,,http://imagefarm.baemin.com/smartmenuimage/upload/image/2024/6/4/hYknmTYOCwRzKtEmdJa-DSKiBsJDkaWcQXkkVc7gS-mHJOHbqQKtgKdHNab5cON7qSq5p7wluB5_kefkkHnDG2MyXM43I99Ja-cH22FqrPY=.jpg
메가MGC커피 배곧한라비발디점,스무디&프라페,플레인퐁크러쉬,4900,"우유와 퐁시리얼, 얼음을 함께 갈아 시원하게 즐기는 달달한 프라페 음료",,http://imagefarm.baemin.com/smartmenuimage/upload/image/2024/6/4/sgtWxTqzKESS26TloH6u7CcY17wFD-Loe3qS1Mn2zBsbUwSWoyW_mSRSEEy23W-foxo0e6_EZBXGgv4KIVTKOSlRizrCQNMUNFaajdobQZY=.jpg
메가MGC커피 배곧한라비발디점,스무디&프라페,딸기퐁크러쉬,4900,"우유와 퐁시리얼, 상큼한 딸기를 믹스하고, 얼음을 함께 갈아 시원하게 즐기는 달달한 프라페 음료",,http://imagefarm.baemin.com/smartmenuimage/upload/image/2024/6/4/DeN6uRIN4aUl2HWiiGTw0yn58G2XQh9u4Ij_-d_h525x2dxahmN3EWAO5ptIIDUWWGbwx8JOXyrLC-iKol5wceMs-6Kdt52xOrN0I6b7kHY=.jpg
메가MGC커피 배곧한라비발디점,스무디&프라페,바나나퐁크러쉬,4900,"우유와 퐁시리얼, 부드러운 바나나를 믹스하고, 얼음을 함께 갈아 시원하게 즐기는 달달한 프라페 음료",,http://imagefarm.baemin.com/smartmenuimage/upload/image/2024/6/4/DXCQhFQE2VSkHvOn7FKj-guRISl2yEGm7Ki4PNqls5nk99hT9M6_LWGn-iWxEbgTR_8QVbTi9ImtK79k5TDCOkp5lZ0LWmd8nSXX4tTUYMs=.jpg
메가MGC커피 배곧한라비발디점,스무디&프라페,쿠키프라페,4900,"오레오의 특유의 맛과 부드러운 우유, 그리고 바닐라 향의 조화를 느낄 수 있는 메가MGC커피 베스트 메뉴",O,http://imagefarm.baemin.com/smartmenuimage/upload/image/2024/6/4/U3ulgBShL7iWWeL9sUQuH6K12z3mAsge8cbMZKo9yZTDqwRPY9bwhauQJtab1s1rcjSWMf2FqPsSMIHS09PYMOrriyv9PISYavAYKP1oD00=.jpg
메가MGC커피 배곧한라비발디점,스무디&프라페,딸기쿠키프라페,4900,달콤하고 부드러운 밀크베이스에 상큼한 딸기시럽과 바삭한 쿠키카 어우러진 프라페 위에 휘핑과 쿠키크런치를 토핑한 음료,,http://imagefarm.baemin.com/smartmenuimage/upload/image/2024/6/4/p3UbVRXvqEAY_o01G7QMlK9l00vBM7fVbMZROa3og3KtYVMVFo6cv1YGNPVOC9ZzzQzTOfev9wRSOgZbzDf7OcYceljLAkqV782u7NSRNXM=.jpg
메가MGC커피 배곧한라비발디점,스무디&프라페,민트프라페,4900,"진한 민트향과 초콜릿 칩이 가득 들어있는 메뉴로, 큰 인기를 얻고 있는 메가커피 베스트 메뉴",,http://imagefarm.baemin.com/smartmenuimage/upload/image/2024/2/15/s40-WVmHyMarCYQZQlJJh47fn7oOD3qioJnH-fPNn9k5MNcp0v9QcXQoIliiy5U4i2Is2Y3YYKKUkw70oqauccR1Nlpkwd4QxKlrCFGDAJo=.jpg
메가MGC커피 배곧한라비발디점,스무디&프라페,리얼초코프라페,4900,진한 초코소스와 바닐라향이 더해져 먹는 재미가 있는 달콤한 프라페,,http://imagefarm.baemin.com/smartmenuimage/upload/image/2024/5/9/HYAGIStr8O_o5OEr-tqaZ_Gl2PQaohiYQ3GeHTY8zFgPUThDQy6XGWimvx4KT7dNZEQ8nBZfnvPDPymWFaPGrTgImBi78ZMAP7giRzzc3NE=.jpg
메가MGC커피 배곧한라비발디점,스무디&프라페,녹차프라페,4900,녹차의 진한 맛이 우유와 휘핑크림을 만나 달콤하고 부드러운 맛을 내는 메뉴,,http://imagefarm.baemin.com/smartmenuimage/upload/image/2026/3/25/C37po66-jmQcIkfDoVq0l6haWx6aqULj0Qkg-U-vyku79zc64dP2SiEMRL_PpFIZA5FkFSSzNSHnJYT0mVsGDr26k4cesriLC-MaTmNqtPM=.jpg
메가MGC커피 배곧한라비발디점,스무디&프라페,커피프라페,4900,에스프레소 커피 향이 가득한 시원한 프라페,,http://imagefarm.baemin.com/smartmenuimage/upload/image/2024/5/9/fMbT2xfOQMs5JbOKa_FoErvyXXsmfiXlx2rg0wi1eZesdoqmE_z5dlMTFNu7fatYoZhF-3c-McuoLj0J43-7qgMVmufgw3y4Nr0TSQMto6k=.jpg
메가MGC커피 배곧한라비발디점,스무디&프라페,귤톡톡젤리스무디,4900,톡톡 터지는 상큼한 귤의 과육과 몽글한 젤리식감이 매력적인 상큼한 스무디,,http://imagefarm.baemin.com/smartmenuimage/upload/image/2025/3/20/cGy7VRUN-u_nxDNaCmB9JXezm-ZCpW_OvFtFTQHQKrimc4ivn1SMno89uLFI3sQUDzpF-JZFTE5ICfuYcgBdBbYLNcewfy-UCFWSwLeWqpg=.jpg
메가MGC커피 배곧한라비발디점,스무디&프라페,골드망고스무디,4900,황금빛 골드망고가 진하게 느껴지는 부드럽고 상큼 달콤한 스무디,,http://imagefarm.baemin.com/smartmenuimage/upload/image/2024/3/28/HiO3XBKPvdwpdb5KMjSaqE3QoIN0irt1rCHHZKaJK_5-dLm2wkKrbN79gwNxPhknwvu9dLBD79QMQhQp4w0XOAhw8R3A7Bk8ua_BkQ7Xl18=.jpg
메가MGC커피 배곧한라비발디점,스무디&프라페,블루베리요거트스무디,4900,새콤달콤한 블루베리와 산뜻한 요거트가 만나 조화로운 스무디,,http://imagefarm.baemin.com/smartmenuimage/upload/image/2025/3/20/O-Dgf-apoZOKt5Trw4HerxwcXImNLzLHub3ZkKche6LxGs3xv6IjpzcNeXXdP14xUptpnBZ19IP_UI9lDUW85r97yDDYQiZgnLkJ49vIogo=.jpg
메가MGC커피 배곧한라비발디점,스무디&프라페,플레인요거트스무디,4900,"요거트의 진한 맛을 그대로 살린 메뉴로, 인기가 좋은 스무디",,http://imagefarm.baemin.com/smartmenuimage/upload/image/2024/6/4/UnFlDthRpNWFGRZJBeuqCvOn1r72i_l-APyuLfUoCNzYQ_mdtvcPkMIfr8w48cf_ePx71gpvlCEAeLDJds1MphXhsyeAsov3cTozMYzIsaw=.jpg
메가MGC커피 배곧한라비발디점,스무디&프라페,망고요거트스무디,4900,열대 과일인 망고의 달콤하고 진한 맛을 극대화 시킨 시원한 메가MGC커피 인기메뉴,,http://imagefarm.baemin.com/smartmenuimage/upload/image/2024/6/4/8_0Zp8hYrzvjMLfJYJR9NkMWn0XIYLub1kzIoFq2HPkF40vClyct3m-EXZZJtqW9UJzl6gY6UEOc4sfaSq0xCe8JKGT6en5dFn1uSUA1GEg=.jpg
메가MGC커피 배곧한라비발디점,스무디&프라페,딸기요거트스무디,4900,남녀노소 누구나 좋아하는 딸기와 상큼한 요커트가 조화롭게 어우려진 메뉴,,http://imagefarm.baemin.com/smartmenuimage/upload/image/2024/6/4/VIencBIHXO0PFoISrd3E6BuAlNr8Dq4grCUxC63Pf6Cg0OyE_606mrV2U5cR4OWI1dnn8UXNKb4vabkbPp3OGe1kwwfC88_Kn5JPKQor2cs=.jpg
메가MGC커피 배곧한라비발디점,에이드&주스,딸기바나나주스,5000,"상큼한 딸기와 부드러운 바나나가 만나, 새콤달콤한 매력이 살아 있는 과일 음료",,http://imagefarm.baemin.com/smartmenuimage/upload/image/2024/6/4/IqQXs5tV39WaUp1dxfsOP7aFtnyNGZonm_woowR2GCDfQjBXnhBAZi_3iLB5pLI0FyOB71ffQnLQkFPtCu7Bj8A5GN8xJZD-JHgk_mNnzT8=.jpg
메가MGC커피 배곧한라비발디점,에이드&주스,딸기주스,5000,탱글하게 살아 있는 딸기 과육의 상큼함을 만끽할 수 있는 과일 음료,,http://imagefarm.baemin.com/smartmenuimage/upload/image/2024/6/4/fiAyoicvvkXHyKuOXHZSoy6RXDkSVKG8HW23wcQcZEjIrqM95YjoRnT7tRtjFbBTx0YQfaQl9IwWXyfE1S6GbCHl2oVBwdwULpIres3bh9Q=.jpg
메가MGC커피 배곧한라비발디점,에이드&주스,블루베리플럼주스,5000,"새콤달콤한 블루베리와 식이섬유가 풍부한 플럼, 프리바이오틱스를 더해 건강한 블렌딩 주스",,http://imagefarm.baemin.com/smartmenuimage/upload/image/2025/3/20/TLOV3-h60DDOqfv9HJZAHlrUoNed20v1QHkRzfNnxn7PBuo6x06Pttk9ivYlRajpaVFjueMcGJCZX7PzBb6swv7D37g_0m6U1pOrPeG7dPE=.jpg
메가MGC커피 배곧한라비발디점,에이드&주스,골드키위주스,5000,상큼달콤한 프리미엄 골드키위에 밀크씨슬을 더해 일상의 활력을 선사하는 건강한 블렌딩 주스,,http://imagefarm.baemin.com/smartmenuimage/upload/image/2025/3/20/78ESCqbt13HDRlBvesQntTC1IQYcLUhoT6svdqDn87lILR15qQG0ZWEBCiCAKIKf7CDBajE6ULgjiiPxq4I8uzKc9CDeg-bnaQXN12bzDmk=.jpg
메가MGC커피 배곧한라비발디점,에이드&주스,체리콜라,4300,"체리의 새콤함에 콜라의 청량함을 더해, 남녀노소 좋아하는 에이드",,http://imagefarm.baemin.com/smartmenuimage/upload/image/2026/1/26/0n8OMt8tMcq02EI9MdRke80NnuyB_Jo_GG3FEstD6fUz6CarDmHIAI0c9wCS4X4QFFu8y7nRKKHZkQzVjSvy7vqLwQhrAKUbCuMTkB5BsaE=.jpg
메가MGC커피 배곧한라비발디점,에이드&주스,제로 부스트 에이드,4000,"지친 현대인들에게 필요한 한 잔의 에너지 타우린 1,000mg이 들어가 활력이 충전되는 에너지드링크맛 제로 칼로리 에이드",,http://imagefarm.baemin.com/smartmenuimage/upload/image/2025/3/20/VjJDxfn_lR7rEmq1pOkKP1lWuie2NtKbMAZlAdzQOc9QA2msFHuxMCGUBgDqQ1Bw68NN6mu7zD6gA1ajX9KYwG7yU-Gu4_wDxmwADrSaSjM=.jpg
메가MGC커피 배곧한라비발디점,에이드&주스,레몬에이드,4500,레몬의 상큼함과 달콤함 그리고 탄산의 청량감을 즐길 수 있는 음료,,http://imagefarm.baemin.com/smartmenuimage/upload/image/2024/6/4/ZXA4tkJN3DGmd9pEouXYjWfl2TKE78CqY79KorHMio41Ud-MoEFkEGSf0Mvu52WFf8LdhcLQe7mDWreKW0bozEHT-ibG26bJWcXPFqnhmUI=.jpg
메가MGC커피 배곧한라비발디점,에이드&주스,블루레몬에이드,4500,레몬의 상큼한 맛과 블루큐라소의 진한 향 그리고 탄산의 청량감을 높여주는 음료,,http://imagefarm.baemin.com/smartmenuimage/upload/image/2024/6/4/8wdjlF4OEZ_pyFUlX9iqcXPoeKI9185m-HsM6MK2Ty1bWpSYztP0SsMWmBSf_xdIjb-GV0KQqtvDlxG5NRn0y5nD-t3H0l3NHCYPinSc4U8=.jpg
메가MGC커피 배곧한라비발디점,에이드&주스,자몽에이드,4500,자몽의 쌉싸름한 맛과 상큼함을 동시에 느낄 수 있는 음료,O,http://imagefarm.baemin.com/smartmenuimage/upload/image/2026/3/25/5lRtLLtoQL_HFUZJqjUdpzTSKIEOFNHHly88bsDpQWhTK8uRQYT377LwM8u6LA2hs4llgfm3jr1LG3cXuSmQ1t9L4wrXSSU9_i1CZPZLnjM=.jpg
메가MGC커피 배곧한라비발디점,에이드&주스,청포도에이드,4500,청포도의 상큼함과 달콤함을 느껴보세요,,http://imagefarm.baemin.com/smartmenuimage/upload/image/2024/5/9/2andKV291hDArTBXIpwbjNiSznZWH2ogHB2uVGqLzBxfzBq6wb3K8P-dV_VgsXOXvVLKnln_s5PzBoCH6RTUp59JlaWsynIbQcm6zddkWnc=.jpg
메가MGC커피 배곧한라비발디점,에이드&주스,메가에이드,4900,레몬의 상큼함 라임의 특유한 향 그리고 자몽의 달콤함과 쌉싸름한 맛을 느끼 수 있는 메가MGC커피 베스트 메뉴 메가에이드,,http://imagefarm.baemin.com/smartmenuimage/upload/image/2024/6/4/Q5tENzcXDDCQPunmkxMh0zRh1M6aTmE4fgUkIKwO2o98x3SgB2RMzC_NAruu_Go2FqbzfUgEmV8LQTW5rGOgJk5KKODLdlggg-euHjS611g=.jpg
메가MGC커피 배곧한라비발디점,음료,(ICE)오레오초코라떼,4900,달콤한 초콜릿의 풍미와 아삭한 오레오 살아있는 아이스 초코음료,,http://imagefarm.baemin.com/smartmenuimage/upload/image/2024/6/4/CLscCTM4lF9wK3TGC-_jXsHmtqrIlkXoC_FXGf3wGw48qJ7XXhFRrOSpdw42naxfqrBRcg8pEm5kI0ixqAI2BsDprk8EYNL0lsH-dqSj9HU=.jpg
메가MGC커피 배곧한라비발디점,음료,핫초코,4500,부드러운 우유에 진한 초코소스가 어우러져 달콤하게 입맛을 깨우는 초콜릿 음료,,http://imagefarm.baemin.com/smartmenuimage/upload/image/2024/6/14/eCnZ0fbfWdqBGmqe9ULnebNqFFYFglMg_4mzIYhBO6dvQMk0YlRDm7kn5SFb08R4AbIdUSBUvlJAE-k1jCEQt9qDmUHabFjH-ZlpvaUy2hI=.jpg
메가MGC커피 배곧한라비발디점,음료,아이스초코,4500,부드러운 우유에 진한 초코소스가 어우러져 달콤하게 입맛을 깨우는 초콜릿 음료,,http://imagefarm.baemin.com/smartmenuimage/upload/image/2024/3/28/AffY9Ui4NN306YYX3OBdSquPY0830jqFA-BeVjBXiemNaSH9dRTN4oVxbQ-3zWXfDQ3bHS3N_LTUnpl4_oxqmPA4wFQa9qvD8fx4rpsZ1fw=.jpg
메가MGC커피 배곧한라비발디점,음료,(HOT)토피넛라떼,4800,달콤 고소한 토피넛에 부드러운 우유가 더해진 라떼,,http://imagefarm.baemin.com/smartmenuimage/upload/image/2024/6/14/7_7I2nWlmKPeIqCQmBmijHfPY4NqZcesLkOUIhL_Abs8GiPJOsSMsB9JmFiFxl1jsZOOhzm1lNggFR5t4YmcXG1NARCNk-Qh7DiLTSoaF0U=.jpg
메가MGC커피 배곧한라비발디점,음료,(ICE)토피넛라떼,4800,달콤 고소한 토피넛에 부드러운 우유가 더해진 라떼,,http://imagefarm.baemin.com/smartmenuimage/upload/image/2024/6/4/UJOYDOT1iVtRIRIVY7h21MUqhpyOxo1PA4sALQZc3QIkgzM2w_cbxc2gYuf-LsKTbKRgJgb7g0yTTcsAiwncesJ1qhjWLajW7UMIcEaekjM=.jpg
메가MGC커피 배곧한라비발디점,음료,(HOT)로얄밀크티라떼,4700,"부드러운 우유에 은은한 홍차를 부어, 보드랍고 향긋한 한 모금을 완성한 라떼",,http://imagefarm.baemin.com/smartmenuimage/upload/image/2024/6/14/bBwH5weMkSR6z4aEgl0sLyxyYYLw9HDgqL_ZnN4MYwm7oE9dWWP3FFv9S80APSLDNm8nHxWPMUjXqv02s-GjNkPqQJGa7KXXe4nWhLUmtCg=.jpg
메가MGC커피 배곧한라비발디점,음료,(ICE)로얄밀크티라떼,4700,"부드러운 우유에 은은한 홍차를 부어, 보드랍고 향긋한 한 모금을 완성한 라떼",,http://imagefarm.baemin.com/smartmenuimage/upload/image/2024/6/4/5nZcFQdOlYmvaX8uIPAekIDCD0KClKNoepVf7WMw8k89Q7Y1kU-vsz-YF2YclnQgRvGUwzoaCus6Zmw9QabBOQaM426wQXu9ndAgd9nJ1oU=.jpg
메가MGC커피 배곧한라비발디점,음료,(HOT)녹차라떼,4500,향긋한 녹차에 우유를 더해 입 안에 부드러운 푸릇함을 선물하는 라떼,,http://imagefarm.baemin.com/smartmenuimage/upload/image/2024/6/14/IpLtr10JuJMHs6UVu1LP39fuTmOZLfHnysQrk2aTy6x_s7ny80dJPJS3_cwTDTdGEVMZSkHLRc0OBDpg1IAQaQVywcqwqa1XkGd4_CFjrac=.jpg
메가MGC커피 배곧한라비발디점,음료,(ICE)녹차라떼,4500,향긋한 녹차에 우유를 더해 입 안에 부드러운 푸릇함을 선물하는 라떼,,http://imagefarm.baemin.com/smartmenuimage/upload/image/2024/6/4/1uddJztS6QEfLq2NH_rAW0IzUNeEBLgiKKrA7JqBR3V_tmW371jQgIvUVRi8JE1qsUaw2Bj8A43kVbxv6C1vjXh0S1fmLPoTHnWruUTwO9c=.jpg
메가MGC커피 배곧한라비발디점,음료,(HOT)곡물라떼,4300,곡물에 우유가 더해져 고소하게 즐길 수 있는 음료,,http://imagefarm.baemin.com/smartmenuimage/upload/image/2024/6/14/s1JoYM41s3UL9d9duiITlpRveqNJ9ZPoKCEPqBrIl7pogOcgO_re_UGmwib4k61BQArOgxfhJzOrHfJG1zh2Quux7j-vNGZWgk4EBSH0V-0=.jpg
메가MGC커피 배곧한라비발디점,음료,(ICE)곡물라떼,4300,곡물에 우유가 더해져 고소하게 즐길 수 있는 음료,,http://imagefarm.baemin.com/smartmenuimage/upload/image/2024/6/4/ZvwaiPsQ9NyHmmWoDrxj_iVxE4CnYGE6SyshuCHQZk84mFHRHb-ksl9hnQdeuD5UqOmQfmjCgZEeGCZ4k4PlpgujzoYO_DT-vZidL4eZDoQ=.jpg
메가MGC커피 배곧한라비발디점,음료,(HOT)고구마라떼,4500,달콤한 고구마와 부드러운 우유의 만남. 남녀노소 좋아하는 인기메뉴,,http://imagefarm.baemin.com/smartmenuimage/upload/image/2024/6/14/cdhTq5oFedoZrolvgZxoH4WnPfYvQxK1fW7CizE1VmUIz90UXIgBv0ZQgU0DVaCmpu-XNsp29DLxNa5MOQkarAzbVmkVeBCc9vFLZprVfhQ=.jpg
메가MGC커피 배곧한라비발디점,음료,(ICE)고구마라떼,4500,달콤한 고구마와 부드러운 우유의 만남. 남녀노소 좋아하는 인기메뉴,,http://imagefarm.baemin.com/smartmenuimage/upload/image/2024/6/4/ot1EO578pwS6sD5O4MLPwLfbmAYDCW-Lfq8fOUKOKhskKGgcwbPkFg061K5BrPrfHe2Xg4_aYVzJz4Lv1Eu9DVWJy0OIQ5-Q65zgWPrTDQw=.jpg
메가MGC커피 배곧한라비발디점,음료,(ICE)흑당버블라떼,4700,모리셔스의 진한 흑당이 들어간 라떼에 쫀득한 버블을 넣어 먹는 즐거움을 전하는 라떼,,http://imagefarm.baemin.com/smartmenuimage/upload/image/2024/6/4/z1NoRdTofJclMTopMiVplDN_6dJxrRaK4i3Grg5Uv7m-3RqS1pP5LOhp1nJ-rA65qA81nu_nmhaA6WKw8wkSQjfkYd0F4mw3yyUl2eTOOrg=.jpg
메가MGC커피 배곧한라비발디점,음료,(ICE)흑당버블밀크티라떼,4800,홍차의 깊은 맛과 향긋함을 더한 흑당버블밀크티,,http://imagefarm.baemin.com/smartmenuimage/upload/image/2024/6/4/xK7cnG4T8IfWhkGDuVomAPVDk6x6h1M9C8kSP3LyplfwBHaogVd_lxqB1rSdoI_y16Y0pUCI209CL3MMHcBQkrp5hrVKSK-idKMwlSdBn2k=.jpg
메가MGC커피 배곧한라비발디점,음료,(ICE)흑당라떼(펄X),4300,모리셔스의 진한 흑당과 부드러운 우유가 달콤하게 조화를 이루는 라떼,,http://imagefarm.baemin.com/smartmenuimage/upload/image/2024/6/4/JZ1v49xs3cLAzISRCEs6xask0E5eapzo8ZJCBcgBnKazBtBqLipOaYBgtJNRLd6HspNDpAVLEjlHeBkdIrHmjJ9fs3uxmJb4gYUls4uGs50=.jpg
메가MGC커피 배곧한라비발디점,음료,(ICE)흑당밀크티라떼(펄X),4500,달콤한 흑당과 타바론 얼그레이 홍차를 넣은 밀크티 라떼,,http://imagefarm.baemin.com/smartmenuimage/upload/image/2024/6/4/DmXLWIIWB1_6yywJHwfhPRn9hlK8d4due2jKiN3fk_XxgsnwfIttVvSGO8HPz5a4m34Om_7QXvud0nHhbE1vKOLPJBU1ZaN2u6f_vdTlxR4=.jpg
메가MGC커피 배곧한라비발디점,티,복숭아아이스티,3800,홍차의 깊은 맛과 풍부한 복숭아 향이 어우러진 달콤한 여름철 인기 음료,O,http://imagefarm.baemin.com/smartmenuimage/upload/image/2024/3/28/hFZfNE45RMxnk9kn5zbdC6V2UcrsA-6W3dG2hoWBmGYsDJy2xfn_bOhFVVKMBj6m17_bVH0SzJE51sj9oCMayKKDu63hIRTCDrobrLPQ8KU=.jpg
메가MGC커피 배곧한라비발디점,티,(HOT)사과유자차,4500,애플 티의 향긋함과 유자청의 상큼함이 어우러진 과일 티,,http://imagefarm.baemin.com/smartmenuimage/upload/image/2024/6/14/IQzkyuSvf9uYWOlitBKrve9psGpHikZLFJWkXdtxlq1_5JvnKj-kXxPhqOkjtxIiSol9W6mxky1kMqLXJ0SIWWc8aL5fiawESQWws1Lsa5Y=.jpg
메가MGC커피 배곧한라비발디점,티,(ICE)사과유자차,4500,애플 티의 향긋함과 유자청의 상큼함이 어우러진 과일 티,,http://imagefarm.baemin.com/smartmenuimage/upload/image/2024/6/4/PyQzngk8ggsOC87jw3q-nLcdOuQl8Y4sOvp6qLG897jS15jXH5M3t2ONNT9v3BlxwypU_SWVovKGGR9YBLjn0BotM8P_p8-SgfRSZ7eLT84=.jpg
메가MGC커피 배곧한라비발디점,티,(HOT)허니자몽블랙티,4700,달콤한 꿀청에 재운 자몽에 홍차의 부드러움을 어우른 상큼한 과일티,,http://imagefarm.baemin.com/smartmenuimage/upload/image/2024/6/14/9duwCk5Eis2jdoy6uwulJ6vH775tKK34N1_ormnXTrYYfjZo8TQa_gQPhRBCoy9o3ImtElZzi0XgasSmYVitxrNACEtOU1gIN0gdmQ2Dt8o=.jpg
메가MGC커피 배곧한라비발디점,티,(ICE)허니자몽블랙티,4700,달콤한 꿀청에 재운 자몽에 홍차의 부드러움을 어우른 상큼한 과일티,,http://imagefarm.baemin.com/smartmenuimage/upload/image/2024/6/4/lkXrVZtrIjXL5jbPXM504l7ZVxfXHtd_aqrN5gcl4FmSdvjespVbe3jvpJhM54ciQu171bRy86SlKuxtBGQ1Hzk3bbWR_-NXTuN9Bi15BF8=.jpg
메가MGC커피 배곧한라비발디점,티,(HOT)상큼 리치티,4900,"하얀 눈 속을 달리는 빨간 코 루돌프와 닮은 리치티. 리치, 라임, 망고스틴 베이스에 레드 커런트, 로즈마리를 더한 상큼한 과일티",,http://imagefarm.baemin.com/smartmenuimage/upload/image/2024/11/7/Oxu-kKWbsW50XTxuqnZ3gV1IQETV6AziBkVm-gkMVbmcdAO0sv-9IF-SdA1dlAsW0PAyd1kKpcVElqzpIFuIm0g6KAeHmCFFMGP8BOoLMzU=.jpg
메가MGC커피 배곧한라비발디점,티,(ICE)상큼 리치티,4900,"하얀 눈 속을 달리는 빨간 코 루돌프와 닮은 리치티. 리치, 라임, 망고스틴 베이스에 레드 커런트, 로즈마리를 더한 상큼한 과일티",,http://imagefarm.baemin.com/smartmenuimage/upload/image/2024/11/7/tC3cB13LSFazAIVHpH6MeBKVDkQ4hsj6pObgrIxxN_tymweTCRyWQeNgtmmyL5PMCLEPgBlG7HG0nXhaZ2CHsmmPg9UWucEtR5a0fjeRTMI=.jpg
메가MGC커피 배곧한라비발디점,티,(HOT)자몽차,4300,달콤쌉싸름한 자몽의 조화로운 맛을 한 잔 가득 느낄 수 있는 과일티,,http://imagefarm.baemin.com/smartmenuimage/upload/image/2024/6/14/M7XaI7am_xsI6xkOvy47y5DMDv1SUeddVHeXr8fs_LTes1yQ11N8mXm1hfP96sCzyL7gTWWifYKqoEGPwq_PzRqo575Nu9lJTS9jrFfGUuQ=.jpg
메가MGC커피 배곧한라비발디점,티,(ICE)자몽차,4300,달콤쌉싸름한 자몽의 조화로운 맛을 한 잔 가득 느낄 수 있는 과일티,,http://imagefarm.baemin.com/smartmenuimage/upload/image/2024/6/4/zP6WP2bGSz12K70xdLt4EafXJRsmcSLChU--eRbBKPZqX1uA53UYKucF0YbC6f_o84j-m_sA_wQVObkpQxBckSNWKgmnNDmZfzKB3iVq8lM=.jpg
메가MGC커피 배곧한라비발디점,티,(HOT)유자차,4300,비타민이 가득 든 상큼달콤한 유자를 듬뿍 넣어 향긋한 즐거움을 전하는 과일티,,http://imagefarm.baemin.com/smartmenuimage/upload/image/2024/6/14/FOMm6mm39zlzNczKUXz12LVa2t7h5gxWp-ScWSk02qzmL0CfCz6G-zCD10idDU8DMTZwcqCidGZU38FPIl6n7I5albspg17KuP4PO_sb4C4=.jpg
메가MGC커피 배곧한라비발디점,티,(ICE)유자차,4300,비타민이 가득 든 상큼달콤한 유자를 듬뿍 넣어 향긋한 즐거움을 전하는 과일티,,http://imagefarm.baemin.com/smartmenuimage/upload/image/2024/6/4/bDmWbkUvhJI6dwog3U1vO5P6rmli8g3eLugj5hIanmZuqVTom1PKR3u02QHoG_Zj3RuQG3FHj7_6qf08ytrgy8em4kCcc1cBkp169YXFv18=.jpg
메가MGC커피 배곧한라비발디점,티,(HOT)레몬차,4300,새콤한 레몬의 맛과 향을 오롯이 살린 과일티,,http://imagefarm.baemin.com/smartmenuimage/upload/image/2024/6/14/wsz5AP253xHopKa63ZZYWoR_pgV786wW54xNtwtuWxQgBFBrKx_RW71STCAdfPS557RbK8LAiMdVrKvYWixhZQXwFxqDYZP6dCcERhylP5o=.jpg
메가MGC커피 배곧한라비발디점,티,(ICE)레몬차,4300,새콤한 레몬의 맛과 향을 오롯이 살린 과일티,,http://imagefarm.baemin.com/smartmenuimage/upload/image/2024/6/4/gOr0iRzIzfby7xTx1iXF7RUzmjKtL7K-s8vNeYPiX3arfO_9f-2pH5ucqF0eo09x7WTm0dd9hKgFEGK0t79a_TWllUoNEmPvYFnX7gfmmWU=.jpg
메가MGC커피 배곧한라비발디점,티,(HOT)녹차,3500,고소한 감칠맛과 목 넘김이 부드러운 국내산 녹차,,http://imagefarm.baemin.com/smartmenuimage/upload/image/2024/6/14/Itrsrt4eAgEgJR6BivC9e90ESV-iZRq3RCxWECetz5IkJRrFuMxJ_Y1dqeuoOSLwPLxp3erUe8zgkEm1uPyEgMTyRRG7GfAalbPFlWKVdog=.jpg
메가MGC커피 배곧한라비발디점,티,(ICE)녹차,3500,고소한 감칠맛과 목 넘김이 부드러운 국내산 녹차,,http://imagefarm.baemin.com/smartmenuimage/upload/image/2024/9/27/9hDYlB3brlT0s2cVM9sH65SlMTy82WREQNS6v2PXIczfTBBcSOC2dvRvSC4P6j2T.jpg
메가MGC커피 배곧한라비발디점,티,(HOT)캐모마일,3500,특유의 풀내음을 통해 마음을 진정 시켜주는 마일드한 허브차,,http://imagefarm.baemin.com/smartmenuimage/upload/image/2024/6/14/lJpBG9a5cI1FgRPz0sH227oHCUrFFcUTKPTLOc_8E4wEevBXCF0NjKMfEYVoMyFYHXqhMwaj26rVz8oUx-m46Ic0A-IWCo0XvQ_8VHaucwk=.jpg
메가MGC커피 배곧한라비발디점,티,(ICE)캐모마일,3500,특유의 풀내음을 통해 마음을 진정 시켜주는 마일드한 허브차,,http://imagefarm.baemin.com/smartmenuimage/upload/image/2024/6/4/6iZcXaap6Bb5XmF1c67fow_s1bGjtA-17rTXjO7x0dxRMy_Mr3mL3KPzw7E5sUcGZttO6o0sgfhJGur8uq4pTezMN5j68QhKG6TQCPoVQlY=.jpg
메가MGC커피 배곧한라비발디점,티,(HOT)페퍼민트,3500,입 안 가득 깔끔한 청량감으로 기분까지 상쾌한 허브차,,http://imagefarm.baemin.com/smartmenuimage/upload/image/2024/6/14/3Vj9IJvzr8jKZ0QHHyOt7XNi7D_xa3RoO6UKXgNqvgCjqMPfjvgJNZj6qwR7L8-R3J-G2lQoTXkpOfLqWSrF--m0rEpVR48ZK5_QtqmhcrI=.jpg
메가MGC커피 배곧한라비발디점,티,(ICE)페퍼민트,3500,입 안 가득 깔끔한 청량감으로 기분까지 상쾌한 허브차,,http://imagefarm.baemin.com/smartmenuimage/upload/image/2024/6/4/MOdjfaLH_HCrAOi1FxDlLP50omDldL8x1tN2uOZaqmC56rpv_tj0CjfER33Cq4xi2f5tjAIg6u_m8nKwr1BFtynwKw47c37F1iRCcM9lWdc=.jpg
메가MGC커피 배곧한라비발디점,티,(HOT)얼그레이,3500,홍차의 진한 향과 본연의 부드러움을 느낄 수 있는 허브차,,http://imagefarm.baemin.com/smartmenuimage/upload/image/2024/6/14/0DdJKuR5TgZzQTZjRM8y46cIYBpZnEmcWFSQcjWTOg3QM1MOY0nctLnpJg8VpQGnMw13wg1EM_EkO3byAszHAM_KT0ckUDXdrzz5jap2Hkc=.jpg
메가MGC커피 배곧한라비발디점,티,(ICE)얼그레이,3500,홍차의 진한 향과 본연의 부드러움을 느낄 수 있는 허브차,,http://imagefarm.baemin.com/smartmenuimage/upload/image/2024/6/4/eVwf9hdU-A0TEEfRrlZ3THCgCum9Pa1pU4bMHEvdaR8x0TNIiR9rJC-tWf0QpgjavwaKTrxTKMYQZJdc9XXgvHq6rXxDbG3mXAunO4vqlbs=.jpg
메가MGC커피 배곧한라비발디점,디저트,크로크무슈,4800,부드러운 빵에 햄과 치즈를 넣어구운 고소한 프랑스식 샌드위치,,http://imagefarm.baemin.com/smartmenuimage/upload/image/2024/11/12/0Nq1HmwRMPEDT73vUe277uWYHBYOLN-Bbtzv_JdY4v8YaoBM7Ma4vl5tzntMlbBMpK46UYw1RCt25Sf7HbLoRzfLl1q-LWWKGjUifvDiffM=.jpg
메가MGC커피 배곧한라비발디점,디저트,감자빵,4500,쌀가루가 들어가 쫀득한 빵에 구운 감자를 으깨 넣어 포슬포슬한 감자 본연의 풍미가 살아있는 진짜 감자빵,,http://imagefarm.baemin.com/smartmenuimage/upload/image/2025/9/15/2ea5FVRintWNWdtiHcejVYws6XHL4Abich2vdbfdRD6--DRYIBtSeNBTeBOeJhbb_E4kGDP9ulsh_s376K7IZoC9rP3fymYUy6KzPGtT8mI=.jpg
메가MGC커피 배곧한라비발디점,디저트,메가쿠키(마카다미아),2500,고소한 마카다미아를 넣어 만든 메가MGC커피 시그니처 쿠키,,http://imagefarm.baemin.com/smartmenuimage/upload/image/2020/12/12/eqD440tv2rasx7j4U4sMvSP_4aFt7OT3PE4BJ69e_z-OlasX4RRnsl2Avi7pPkxs.jpg
메가MGC커피 배곧한라비발디점,디저트,메가쿠키(초코칩),2500,진한 초콜릿칩을 넣어 만든 메가MGC커피 시그니처 쿠키,,http://imagefarm.baemin.com/smartmenuimage/upload/image/2020/12/12/eqD440tv2rasx7j4U4sMvZ2nHKD0zf6WGJM-MczuXYmJ0_eZRc5fuVdhw2t9JnUX.jpg
메가MGC커피 배곧한라비발디점,디저트,엠지씨네 메가칩,2500,엠지씨 이름을 걸고 만들었다 메밀로 만든 짭짤 고소한 김맛 건강스낵,,http://imagefarm.baemin.com/smartmenuimage/upload/image/2025/5/27/AJFLFwzkhaSJWreWCYaun53mseq8UPNx0AVbMJjzL1qwPCNR5I1G6olhGFjiMUxuBQD95Njf0xM8LsujhVX0tnngoEAYH9y_g1H4yJPNmZg=.jpg
메가MGC커피 배곧한라비발디점,디저트,치즈케익,4500,진한 치즈의 맛을 달콤하고 부드럽게 느낄 수 있는 케이크,,http://imagefarm.baemin.com/smartmenuimage/upload/image/2024/7/24/9QiZf_XtVwUBsnSQea0fnURgxE84vupl2kKu-acgMfLY3LElU_Y9zTsnROhtLKMQSdthaSeEYP5h7XffmC0zQsyEn6CXsHFCceQCRLjtccw=.jpg
메가MGC커피 배곧한라비발디점,디저트,초코무스케익,4500,달콤한 초콜릿 본연의 맛을 더 진하게 느낄 수 있는 케이크,,http://imagefarm.baemin.com/smartmenuimage/upload/image/2020/10/13/1d46iR65M88OWdjE8z7ZAm7nELABHuertWVurDucEooPWiU6b-AEAy-zsvNs-AYx.jpg
메가MGC커피 배곧한라비발디점,디저트,티라미수케익,4500,부드러운 치즈 맛과 코코아의 조화로운 향으로 호불호 없이 즐기는 케이크,,http://imagefarm.baemin.com/smartmenuimage/upload/image/2020/10/13/1d46iR65M88OWdjE8z7ZAkLExG2S8GffHz5hw36TYp-kpsE3SwJnkv18aLBoFUgl.jpg
메가MGC커피 배곧한라비발디점,디저트,유니콘프라페마카롱,2700,메가MGC커피 인기메뉴인 유니콘 프라페를 디저트화하여 만든 마카롱,,http://imagefarm.baemin.com/smartmenuimage/upload/image/2020/12/12/eqD440tv2rasx7j4U4sMvUvR2dPfSsotfuXaWhKr8BdJsJET4CjA-R8G2f5oSelh.jpg
메가MGC커피 배곧한라비발디점,디저트,메가초코마카롱,2700,메가MGC커피 시그니처 메가초코를 모티브로 만든 초코 마카롱,,http://imagefarm.baemin.com/smartmenuimage/upload/image/2021/10/7/85LGtYCGcx8ssKplCSYo1pE1FJd14_3XL89d905AKTIZ0ehUcq9OnUZUIJ0wqhCF.jpg
메가MGC커피 배곧한라비발디점,디저트,딸기요거트마카롱,2700,딸기요거트 스무디를 연상하게 하는 상큼한 마카롱,,http://imagefarm.baemin.com/smartmenuimage/upload/image/2021/10/7/85LGtYCGcx8ssKplCSYo1ikfE7tB2SgO_4IOVOCQjpXULGOgEX1OBaH2luY7iPrc.jpg
